task_id,configuration,feedback_heating_fraction,feedback_efficiency,cooling_time_myr,ever_eddington_after_assembly,limiter_history,bondi_reclosure_time_myr,transition_time_myr,final_bondi_to_eddington_ratio,final_sound_speed_km_s,peak_sound_speed_km_s,final_density_fraction,retained_thermal_energy_fraction,final_thermal_energy_erg,cooling_loss_energy_erg,dark_matter_accreted_msun,baryon_accreted_onto_bh_msun,mass_budget_residual_code
0,mixed_threshold,0.5,7e-05,0.001,True,eddington_at_end,nan,0.9400000000000001,2.5033189991117384,10.010220761075322,10.010220761075322,0.5925038335486016,0.001498857728980515,1.829351489832151e+47,1.2186677340317065e+50,1201.4166619225716,17.56106145582108,7.434053372890048e-13
1,mixed_threshold,0.5,7e-05,0.003,True,eddington_at_end,nan,0.9400000000000001,2.4882526434550205,10.03056347820917,10.03056347820917,0.5925286061376904,0.004487064793456071,5.4759314337270706e+47,1.2149056957077312e+50,1201.4339557708024,17.559400188675465,7.398526236102043e-13
2,mixed_threshold,0.5,7e-05,0.01,True,eddington_at_end,nan,0.9500000000000001,2.437197854271194,10.100740795150003,10.100740795150003,0.5926137146416139,0.01484653316728681,1.8112548070842678e+48,1.2018724724558537e+50,1201.4931898368118,17.55369363417597,6.750155989720952e-13
3,mixed_threshold,0.5,7e-05,0.03,True,eddington_at_end,nan,0.96,2.304408868901754,10.292849517945495,10.292849517945495,0.592843999556762,0.04360912048735869,5.31556962148095e+48,1.1657566693812394e+50,1201.6520227502374,17.538259792193468,7.007727731433988e-13
4,mixed_threshold,0.5,7e-05,0.1,True,eddington_at_end,nan,1.0,1.9540870844751639,10.879732538373752,10.879732538373752,0.593523120878266,0.13514279770098325,1.6430027407005143e+49,1.051452817216263e+50,1202.107460421741,17.492802731322616,6.270539643082884e-13
5,mixed_threshold,0.5,7e-05,0.3,True,eddington_at_end,nan,1.07,1.4434448194529435,12.046136188752822,12.046136188752822,0.594773144459651,0.3334738482319561,4.034879129833924e+49,8.064657764067763e+49,1202.893628228184,17.40935832632284,6.767919558114954e-13
6,mixed_threshold,0.5,7e-05,1.0,True,transient_eddington,1.98,1.2,0.9899373359731963,13.677140430363693,13.677140430363693,0.5966324540306946,0.6482300968342078,7.787609494956266e+49,4.226040492893705e+49,1203.9131486057977,17.285780379819187,6.616929226765933e-13
7,mixed_threshold,0.5,7e-05,3.0,False,bondi_throughout,nan,nan,0.8562866673758409,14.453357810083167,14.453357810083167,0.6087701610404214,0.8497130536410993,9.7408853613387e+49,1.7228497426450538e+49,1205.2683427950656,16.494538091279193,7.309708394132031e-13
8,mixed_threshold,0.5,7e-05,inf,False,bondi_throughout,nan,nan,0.7938522126881482,14.918328029457967,14.918328029457967,0.6201925153799507,1.000000000000031,1.0962653546104e+50,0.0,1206.9072720091478,15.773559390329691,7.185363415374013e-13
9,mixed_strong,0.5,0.00014,0.001,True,eddington_at_end,nan,1.01,1.6424160098099683,10.019365952743149,10.019365952743149,0.41128676114065144,0.001467556833769262,3.467820795654545e+47,2.3595212749982166e+50,1133.0882251993146,16.999875388042383,3.517186542012496e-13
10,mixed_strong,0.5,0.00014,0.003,True,eddington_at_end,nan,1.02,1.6239740573155816,10.057867956956775,10.057867956956775,0.41135059273204666,0.004394699742503101,1.0382224511033687e+48,2.3520600626428678e+50,1133.1658250939943,16.995941523617326,3.099742684753437e-13
11,mixed_strong,0.5,0.00014,0.01,True,eddington_at_end,nan,1.03,1.5626612872000758,10.190263374603015,10.190263374603015,0.4115738172888644,0.014556436583685254,3.436092215445032e+48,2.326170239226199e+50,1133.4346207214478,16.98219245467248,3.4994229736184934e-13
12,mixed_strong,0.5,0.00014,0.03,True,eddington_at_end,nan,1.06,1.411381496899677,10.54949982262854,10.54949982262854,0.4122123654614056,0.04288765532927955,1.0100359278083465e+49,2.254070192562687e+50,1134.181415532767,16.94293086318083,3.481659405224491e-13
13,mixed_strong,0.5,0.00014,0.1,True,eddington_at_end,nan,1.2,1.0634645989993714,11.622430990281721,11.622430990281721,0.41456152218603365,0.1343790167615706,3.1379075867959576e+49,2.021326480914115e+50,1136.6489812702473,16.79935898147923,3.446132268436486e-13
14,mixed_strong,0.5,0.00014,0.3,False,bondi_throughout,nan,nan,0.7981500910290431,13.173981431760202,13.173981431760202,0.45025143918520577,0.32041110760364233,6.579516726230943e+49,1.395509200016188e+50,1146.6537662481808,14.77305968581308,4.147793219999585e-13
15,mixed_strong,0.5,0.00014,1.0,False,bondi_throughout,nan,nan,0.6204521218791514,14.851003006149739,14.851003006149739,0.4978157195903185,0.622932997985286,1.0784172022567914e+50,6.527757281942362e+49,1158.0858394747868,12.454591577554421,4.5208281562736374e-13
16,mixed_strong,0.5,0.00014,3.0,False,bondi_throughout,nan,nan,0.5430240479985416,15.778660980646679,15.778660980646679,0.5208931512392518,0.8367181774402856,1.3326267664345278e+50,2.6005617313222237e+49,1163.1078375108023,11.45811952898582,4.192202140984591e-13
17,mixed_strong,0.5,0.00014,inf,False,bondi_throughout,nan,nan,0.49759243427268457,16.402023043101096,16.402023043101096,0.5351522114854451,1.0000000000000362,1.5121016792728378e+50,0.0,1166.0606283718364,10.878399806178848,4.0589753780295723e-13
18,heating_threshold,1.0,5e-05,0.001,True,eddington_at_end,nan,0.89,4.509571931443466,10.015610772925719,10.015610772925719,0.9995950520221212,0.0015447180308124204,2.7947882471352685e+47,1.8064598403567616e+50,1292.4459447300203,18.222659004544465,2.9043434324194095e-13
19,heating_threshold,1.0,5e-05,0.003,True,eddington_at_end,nan,0.89,4.467883647788639,10.04664764423479,10.04664764423479,0.9995951011974938,0.004623599404627916,8.364252776603225e+47,1.8006706666913684e+50,1292.4407248335647,18.220446112780532,3.0109248427834245e-13
20,heating_threshold,1.0,5e-05,0.01,True,eddington_at_end,nan,0.9,4.328387126033562,10.153376882905174,10.153376882905174,0.9995952697683083,0.015289644222088125,2.7647984872316673e+48,1.7806337822321865e+50,1292.422900094754,18.212860426123044,2.957634137601417e-13
21,heating_threshold,1.0,5e-05,0.03,True,eddington_at_end,nan,0.91,3.9780258316772197,10.442947958037198,10.442947958037198,0.9995957231105901,0.04484074298995427,8.099387421076984e+48,1.7252624188420682e+50,1292.3754989822953,18.19246002344827,3.490541189421492e-13
22,heating_threshold,1.0,5e-05,0.1,True,eddington_at_end,nan,0.9500000000000001,3.133955882026541,11.306507492938513,11.306507492938513,0.999597038761291,0.13829833741661535,2.4898930316629425e+49,1.5513888345421085e+50,1292.2424095638962,18.13325574190249,2.6201263381153694e-13
23,heating_threshold,1.0,5e-05,0.3,True,eddington_at_end,nan,1.03,2.0852514560427835,12.950101968003937,12.950101968003937,0.9995994009029765,0.3383520149524864,6.055906912874415e+49,1.1842337061599403e+50,1292.0196671306173,18.02695936605956,3.8191672047105385e-13
24,heating_threshold,1.0,5e-05,1.0,True,eddington_at_end,nan,1.16,1.3027626298058015,15.147022655772835,15.147022655772835,0.9996027302282687,0.6522523688194947,1.1577149554239805e+50,6.172344518419797e+49,1291.7399208391482,17.877139727912667,3.765876499528531e-13
25,heating_threshold,1.0,5e-05,3.0,True,eddington_at_end,nan,1.29,1.0277312722357734,16.391694474445146,16.391694474445146,0.9996054106073342,0.8558498390251584,1.5088408634684296e+50,2.541329605227623e+49,1291.5452206613863,17.756522669955892,3.597122599785507e-13
26,heating_threshold,1.0,5e-05,inf,False,bondi_throughout,nan,nan,0.9142574506454447,17.039991476750963,17.039991476750963,0.9996188953570322,1.000000000000019,1.7027257251258703e+50,0.0,1291.2425679009575,17.14970893354917,2.424727085781342e-13
27,heating_strong,1.0,0.0001,0.001,True,eddington_at_end,nan,0.89,4.488571940306631,10.031197168394533,10.031197168394533,0.9995950768264815,0.001544808545107547,5.589561621566671e+47,3.6126980503087098e+50,1292.4433099715745,18.221542808336004,3.090860900556436e-13
28,heating_strong,1.0,0.0001,0.003,True,eddington_at_end,nan,0.9,4.4064711713187155,10.093078951719113,10.093078951719113,0.9995951755244192,0.004624411443490671,1.672837218979591e+48,3.600677300772715e+50,1292.4328461117038,18.21710140113369,2.922107000813412e-13
29,heating_strong,1.0,0.0001,0.01,True,eddington_at_end,nan,0.91,4.140666056405092,10.304463067729662,10.304463067729662,0.9995955166099213,0.015298570047949633,5.5294506319613097e+48,3.5590633157713383e+50,1292.3969222655992,18.201752553533808,3.3306690738754696e-13
30,heating_strong,1.0,0.0001,0.03,True,eddington_at_end,nan,0.93,3.5292293781910877,10.867791228696452,10.867791228696452,0.9995964577057508,0.04491883588603284,1.6197500600156301e+49,3.4439734298065843e+50,1292.2997127973545,18.159403241213177,2.424727085781342e-13
31,heating_strong,1.0,0.0001,0.1,True,eddington_at_end,nan,1.02,2.3318959424338828,12.476364737002614,12.476364737002614,0.9995994659933518,0.13910040874282972,4.978497054746994e+49,3.081217458843481e+50,1292.0074302903984,18.024030299167144,3.7481129311345285e-13
32,heating_strong,1.0,0.0001,0.3,True,eddington_at_end,nan,1.28,1.2559582989922802,15.330850461034947,15.330850461034947,0.9996072401851379,0.3441515430743126,1.2078339179851052e+50,2.3017651010851e+50,1291.3746044239153,17.67419166879438,3.481659405224491e-13
33,heating_strong,1.0,0.0001,1.0,False,bondi_throughout,nan,nan,0.8077118267330022,17.742654955872773,17.742654955872773,0.9996680539125413,0.6477796334009331,1.921433228270029e+50,1.0447502223924091e+50,1289.6147174928137,14.937573935640668,2.5934809855243657e-13
34,heating_strong,1.0,0.0001,3.0,False,bondi_throughout,nan,nan,0.6843449724114603,18.73971820697573,18.73971820697573,0.9997034180747684,0.8478275721011284,2.246894439674283e+50,4.032841032408969e+49,1288.739435883706,13.346186635423303,3.490541189421492e-13
35,heating_strong,1.0,0.0001,inf,False,bondi_throughout,nan,nan,0.6156284970581962,19.40630729092281,19.40630729092281,0.9997230888268169,0.9999999999999816,2.474405845501291e+50,4.5692212355106483e+36,1288.2520258670454,12.461002793237244,3.5349501104064984e-13
36,mixed_strong,0.5,0.00014,0.15,True,transient_eddington,1.76,1.36,0.9360808580398726,12.180782144032527,12.180782144032527,0.41952218534051916,0.18864530416601394,4.3267461867389184e+49,1.8609134490848701e+50,1138.5621131888142,16.50058877241651,4.2721381987576024e-13
37,mixed_strong,0.5,0.00014,0.2,False,bondi_throughout,nan,nan,0.8767918188527315,12.576082239160115,12.576082239160115,0.43160430585403675,0.23691829670480377,5.20220396770608e+49,1.6755593467364708e+50,1141.7618357173276,15.796933674239785,3.7125857943465235e-13
38,heating_strong,1.0,0.0001,0.5,False,bondi_throughout,nan,nan,0.9642476498102126,16.737421657787326,16.737421657787326,0.9996233554585126,0.47876133979916374,1.6113178005240861e+50,1.7542793489868164e+50,1290.7160524003114,16.949004366932247,3.099742684753437e-13
39,heating_strong,1.0,0.0001,0.7,False,bondi_throughout,nan,nan,0.8784433440231284,17.258721002601714,17.258721002601714,0.9996478057236747,0.5623819917779661,1.769881348978313e+50,1.3772346235350447e+50,1290.114698228282,15.848742434643514,2.8954616482224083e-13
40,mixed_threshold,0.5,7e-05,1.5,True,transient_eddington,1.79,1.26,0.918312590288109,14.053878416012445,14.053878416012445,0.6004090725607857,0.7366320714309658,8.722137626588261e+49,3.1184242561503246e+49,1204.2994638943828,17.036733422871897,6.403766406037903e-13
41,mixed_threshold,0.5,7e-05,2.0,True,transient_eddington,1.6600000000000001,1.31,0.8865494530627736,14.248800906040776,14.248800906040776,0.6040363517555886,0.7892804134968616,9.215651415379768e+49,2.4603654447756145e+49,1204.6669807100945,16.799978637619404,7.043254868221993e-13
42,heating_threshold,1.0,5e-05,4.0,True,transient_eddington,1.98,1.33,0.9931990390623866,16.579254389168685,16.579254389168685,0.9996060338318534,0.888629062096609,1.5641554008155766e+50,1.9603393749522295e+49,1291.5079849564231,17.7284775666003,2.8332891588433995e-13
43,heating_threshold,1.0,5e-05,5.0,True,transient_eddington,1.8900000000000001,1.36,0.9744772783932459,16.68444625098716,16.68444625098716,0.9996072088891867,0.9091226088662713,1.5954550273223676e+50,1.5948430843124726e+49,1291.4807862587206,17.67559998659589,3.659295089164516e-13
44,heating_threshold,1.0,5e-05,7.0,True,transient_eddington,1.78,1.4000000000000001,0.9553496998866347,16.79448636692144,16.79448636692144,0.999609552979458,0.9334723360065271,1.628410982533377e+50,1.1605526431851752e+49,1291.4383934090545,17.570115924395072,3.419486915845482e-13
45,heating_threshold,1.0,5e-05,10.0,True,transient_eddington,1.68,1.45,0.9422218128108271,16.871540102105296,16.871540102105296,0.9996119099451429,0.9525255875843228,1.6516180569748327e+50,8.231757530929468e+48,1291.3944641472615,17.464052468569907,3.4372504842394846e-13
46,heating_threshold,1.0,5e-05,30.0,False,bondi_throughout,nan,nan,0.9235357085539716,16.98336911034251,16.98336911034251,0.9996164968717236,0.9836866441740832,1.6854898574577233e+50,2.795198648729e+48,1291.2956632780608,17.257640772442887,2.7000623958883807e-13
47,heating_threshold,1.0,5e-05,100.0,False,bondi_throughout,nan,nan,0.9170485454173168,17.022877570746232,17.022877570746232,0.9996181737675901,0.9950529038970388,1.6975101953489496e+50,8.439497075239578e+47,1291.258543742423,17.182180458446286,2.8688162956314045e-13
