task_id,ambient_model,feedback_efficiency,feedback_heating_fraction,feedback_expansion_fraction,final_black_hole_mass_msun,dark_matter_accreted_msun,baryon_accreted_onto_bh_msun,scale_radius_expansion_factor,final_ambient_density_msun_pc3,final_ambient_sound_speed_km_s,bondi_limited_sample_fraction,transition_time_myr,ever_eddington_after_assembly,limiter_history,bondi_reclosure_time_myr,eddington_limited_duration_myr,final_bondi_to_eddington_ratio,feedback_to_binding_ratio,total_feedback_to_binding_ratio,mass_budget_residual_code
0,fixed,0.0,0.0,1.0,1412.3061290471726,1293.7331044974105,18.57302454983863,1.0,300.0,10.0,0.17647058823529413,0.89,True,eddington_at_end,nan,1.115,4.5378212029493,0.0,0.0,3.6148861681795097e-13
1,evolving,0.0,0.0,1.0,1410.6723497305113,1292.4485764832762,18.223773247355545,1.0,299.87850817835096,10.0,0.17647058823529413,0.89,True,eddington_at_end,nan,1.115,4.530736207590778,0.0,0.0,2.8066438062523957e-13
2,fixed,1e-07,0.0,1.0,1411.9809182093366,1293.4100382126599,18.570879996677984,1.0006300491676074,300.0,10.0,0.17647058823529413,0.89,True,eddington_at_end,nan,1.115,4.536776281734976,0.0012604952971684217,0.0012604952971684276,2.779998453661392e-13
3,evolving,1e-07,0.0,1.0,1410.364097340087,1292.1424216837556,18.221675656248713,1.0006182054672037,299.32304947059095,10.0,0.17647058823529413,0.89,True,eddington_at_end,nan,1.115,4.521355821556825,0.0012367931124071274,0.0012367931124070844,3.348432642269472e-13
4,fixed,1e-07,0.5,0.5,1412.1434812504917,1293.5715291743943,18.571952076045733,1.0003150923744908,300.0,10.0,0.17647058823529413,0.89,True,eddington_at_end,nan,1.115,4.537298606179938,0.0006302840321858752,0.001260568064371777,3.89910326248355e-13
5,evolving,1e-07,0.5,0.5,1410.5173499067341,1292.2948799814544,18.22246992527016,1.000309163964642,299.6005538636061,10.010108578414808,0.17647058823529413,0.89,True,eddington_at_end,nan,1.115,4.512341509729544,0.0006184235116403866,0.001236847023280763,3.1086244689504383e-13
6,fixed,1e-07,1.0,0.0,1412.3061290471726,1293.7331044974105,18.57302454983863,1.0,300.0,10.0,0.17647058823529413,0.89,True,eddington_at_end,nan,1.115,4.5378212029493,0.0,0.00126064085834671,3.6148861681795097e-13
7,evolving,1e-07,1.0,0.0,1410.6706732076566,1292.4474088143397,18.22326439326219,1.0,299.87851157071157,10.02020783956203,0.17647058823529413,0.89,True,eddington_at_end,nan,1.115,4.503374626013373,0.0,0.001236900947659615,3.0109248427834245e-13
8,fixed,3e-07,0.0,1.0,1411.33151193074,1292.7649163119675,18.566595618848208,1.001888523483163,300.0,10.0,0.17647058823529413,0.89,True,eddington_at_end,nan,1.115,4.534689701835806,0.0037806134872723244,0.003780613487272391,2.779998453661392e-13
9,evolving,3e-07,0.0,1.0,1409.7485708709512,1291.5310861330752,18.217484737735784,1.0018530460918875,298.21764304907896,10.0,0.17647058823529413,0.89,True,eddington_at_end,nan,1.115,4.502692385745741,0.0037095259635937933,0.003709525963593722,3.339550858072471e-13
10,fixed,3e-07,0.5,0.5,1411.8184398946878,1293.2486315826961,18.56980831204399,1.0009448705274113,300.0,10.0,0.17647058823529413,0.89,True,eddington_at_end,nan,1.115,4.536254229521177,0.001890633835136297,0.003781267670272535,4.156675004196586e-13
11,evolving,3e-07,0.5,0.5,1410.2076238229072,1291.9877604135904,18.219863409276375,1.0009270728478086,299.0460505265971,10.030290844285641,0.17647058823529413,0.89,True,eddington_at_end,nan,1.115,4.475873791263571,0.0018550051596816972,0.003710010319363235,2.8421709430404007e-13
12,fixed,3e-07,1.0,0.0,1412.3061290471726,1293.7331044974105,18.57302454983863,1.0,300.0,10.0,0.17647058823529413,0.89,True,eddington_at_end,nan,1.115,4.5378212029493,0.0,0.003781922575040129,3.6148861681795097e-13
13,evolving,3e-07,1.0,0.0,1410.6673121332021,1292.4450682684746,18.222243864725115,1.0,299.87851837423517,10.060498369756253,0.17647058823529413,0.89,True,eddington_at_end,nan,1.115,4.449474845164736,0.0,0.003710495038379966,2.8954616482224083e-13
14,fixed,1e-06,0.0,1.0,1409.069175191809,1290.5175255153592,18.551649676507676,1.006276254526969,300.0,10.0,0.17647058823529413,0.89,True,eddington_at_end,nan,1.115,4.527420683164156,0.012591900424825078,0.012591900424824571,4.147793219999585e-13
15,evolving,1e-06,0.0,1.0,1407.6044310550817,1289.4015700070597,18.202861047930945,1.0061586160943605,294.4056849112974,10.0,0.17647058823529413,0.89,True,eddington_at_end,nan,1.115,4.438376078034455,0.012355160740918929,0.01235516074091862,3.2152058793144533e-13
16,fixed,1e-06,0.5,0.5,1410.6834546281548,1292.12113709963,18.562317528565174,1.003144840292549,300.0,10.0,0.17647058823529413,0.89,True,eddington_at_end,nan,1.115,4.532607456274512,0.00629957060556333,0.012599141211126588,3.3217872896784684e-13
17,evolving,1e-06,0.5,0.5,1409.1264479238714,1290.9157060946254,18.21074182926408,1.0030853677049985,297.1199283394769,10.100566080320876,0.17647058823529413,0.89,True,eddington_at_end,nan,1.115,4.351529044983132,0.006180254903871568,0.012360509807742422,3.872457909892546e-13
18,fixed,1e-06,1.0,0.0,1412.3061290471726,1293.7331044974105,18.57302454983863,1.0,300.0,10.0,0.17647058823529413,0.89,True,eddington_at_end,nan,1.115,4.5378212029493,0.0,0.012606408583467097,3.6148861681795097e-13
19,evolving,1e-06,1.0,0.0,1410.6554632196826,1292.4368211517437,18.218642068012297,1.0,299.87854238621327,10.200226707596258,0.18382352941176472,0.9,True,eddington_at_end,nan,1.105,4.269078637215956,0.0,0.012365872081254288,2.8688162956314045e-13
20,fixed,3e-06,0.0,1.0,1402.6942364425108,1284.184872833318,18.509363609176486,1.018670504376796,300.0,10.0,0.17647058823529413,0.89,True,eddington_at_end,nan,1.115,4.506937636585871,0.037689596487276246,0.03768959648727706,3.4372504842394846e-13
21,evolving,3e-06,0.0,1.0,1401.5640434311797,1283.4025890880112,18.16145434303185,1.0183227229286353,283.98123208305475,10.0,0.17647058823529413,0.89,True,eddington_at_end,nan,1.115,4.262848201612087,0.03698116803279003,0.03698116803278934,3.552713678800501e-13
22,fixed,3e-06,0.5,0.5,1407.4632011003112,1288.9221804272236,18.54102067312852,1.0093943872493523,300.0,10.0,0.17647058823529413,0.89,True,eddington_at_end,nan,1.115,4.522260595606719,0.01887702901049474,0.03775405802098991,3.241851231905457e-13
23,evolving,3e-06,0.5,0.5,1406.0617358866175,1287.877048521293,18.18468736530927,1.009214664022218,291.73938445713395,10.298331204667617,0.18382352941176472,0.9,True,eddington_at_end,nan,1.105,4.022501069318345,0.018514238077478252,0.03702847615495466,2.788880237858393e-13
24,fixed,3e-06,1.0,0.0,1412.3061290471726,1293.7331044974105,18.57302454983863,1.0,300.0,10.0,0.17647058823529413,0.89,True,eddington_at_end,nan,1.115,4.5378212029493,0.0,0.03781922575040131,3.6148861681795097e-13
25,evolving,3e-06,1.0,0.0,1410.6208572543633,1292.4127713234427,18.208085930919705,1.0,299.87861276046056,10.58899623551765,0.18382352941176472,0.9,True,eddington_at_end,nan,1.105,3.8158271509483352,0.0,0.03707612136387932,3.5793590313915047e-13
26,fixed,1e-05,0.0,1.0,1381.3523462545525,1262.9863657372168,18.36598051732576,1.0604993059932766,300.0,10.0,0.17647058823529413,0.89,True,eddington_at_end,nan,1.115,4.438364910167647,0.12465877801222125,0.12465877801222323,2.611244553918368e-13
27,evolving,1e-05,0.0,1.0,1381.3607409096917,1263.3400655266128,18.020675383025477,1.0593937064806767,252.21745361822562,10.0,0.18382352941176472,0.9,True,eddington_at_end,nan,1.105,3.731466329364251,0.1223150253308663,0.12231502533086498,1.9984014443252818e-13
28,fixed,1e-05,0.5,0.5,1396.4467074173658,1277.9790280684865,18.467679348889774,1.0308610617072977,300.0,10.0,0.17647058823529413,0.89,True,eddington_at_end,nan,1.115,4.486863964813682,0.06267452854429739,0.12534905708858926,2.815525590449397e-13
29,evolving,1e-05,0.5,0.5,1395.6121928240566,1277.5187502705433,18.093442553470197,1.0302448571221325,274.23648531859635,10.95828883096786,0.19852941176470587,0.92,True,eddington_at_end,nan,1.085,3.1150071044067107,0.061404465626602865,0.12280893125321349,2.5579538487363607e-13
30,fixed,1e-05,1.0,0.0,1412.3061290471726,1293.7331044974105,18.57302454983863,1.0,300.0,10.0,0.17647058823529413,0.89,True,eddington_at_end,nan,1.115,4.5378212029493,0.0,0.12606408583467102,3.6148861681795097e-13
31,evolving,1e-05,1.0,0.0,1410.4899908576044,1292.3223298887192,18.167660968902037,1.0,299.8788822602073,11.846223984671173,0.20588235294117646,0.93,True,eddington_at_end,nan,1.075,2.725042963858963,0.0,0.12331268747602114,2.779998453661392e-13
32,fixed,3e-05,0.0,1.0,1327.3265522779816,1209.3358382792142,17.990713998706582,1.168903327416274,300.0,10.0,0.17647058823529413,0.89,True,eddington_at_end,nan,1.115,4.264776912232345,0.36633498884483623,0.3663349888448264,5.6754601018838e-13
33,evolving,3e-05,0.0,1.0,1330.400640460646,1212.7517496380763,17.648890822584157,1.165922223819039,189.20915687098082,10.0,0.20588235294117646,0.93,True,eddington_at_end,nan,1.075,2.6960123494540778,0.3593746319951329,0.3593746319951354,4.627409566637652e-13
34,fixed,3e-05,0.5,0.5,1366.9509954136606,1248.6833362980447,18.26765911564532,1.0890303644871315,300.0,10.0,0.17647058823529413,0.89,True,eddington_at_end,nan,1.115,4.392092537731651,0.1859871347749747,0.37197426954994606,1.723066134218243e-13
35,evolving,3e-05,0.5,0.5,1367.9793944576372,1250.151709521259,17.827684936456567,1.0869717838901212,233.50401581805033,12.624062035180485,0.25,0.99,True,eddington_at_end,nan,1.0150000000000001,1.7004890165655293,0.18150765897327206,0.36301531794654085,1.9895196601282805e-13
36,fixed,3e-05,1.0,0.0,1412.3061290471726,1293.7331044974105,18.57302454983863,1.0,300.0,10.0,0.17647058823529413,0.89,True,eddington_at_end,nan,1.115,4.5378212029493,0.0,0.3781922575040129,3.6148861681795097e-13
37,evolving,3e-05,1.0,0.0,1409.993126825968,1291.9869623809282,18.006164445071477,1.0,299.8799589036995,14.829802727544516,0.3088235294117647,1.07,True,eddington_at_end,nan,0.9349999999999999,1.3885310573321905,0.0,0.36664959776457723,3.0464519795714295e-13
38,fixed,0.0001,0.0,1.0,1189.1546093826917,1072.2014159412743,16.953193441452502,1.4665248376571847,300.0,10.0,0.18382352941176472,0.9,True,eddington_at_end,nan,1.105,3.8208224754234092,1.1506950994654321,1.1506950994653904,6.199485369506874e-13
39,evolving,0.0001,0.0,1.0,1202.9112791399716,1086.3459260764594,16.56535306351791,1.457522041095671,96.85364289554468,10.0,0.33088235294117646,1.1,True,eddington_at_end,nan,0.9049999999999999,1.2478053367892894,1.1243705002796904,1.1243705002797229,4.4586556668946287e-13
40,fixed,0.0001,0.5,0.5,1281.2363346565742,1163.5794123656588,17.65692229096721,1.2646067717919023,300.0,10.0,0.18382352941176472,0.9,True,eddington_at_end,nan,1.105,4.1166863796846505,0.599230287261936,1.1984605745238657,5.337952302397753e-13
41,evolving,0.0001,0.5,0.5,1300.0186296526047,1186.922873741962,13.095755910631407,1.2018469511825907,172.76165311294955,15.663634329701159,1.0,nan,False,bondi_throughout,nan,0.0,0.6259167888945735,0.44443609406688844,0.888872188133794,2.851052727237402e-13
42,fixed,0.0001,1.0,0.0,1412.3061290471726,1293.7331044974105,18.57302454983863,1.0,300.0,10.0,0.17647058823529413,0.89,True,eddington_at_end,nan,1.115,4.5378212029493,0.0,1.2606408583467101,3.6148861681795097e-13
43,evolving,0.0001,1.0,0.0,1400.71302866023,1288.2520258670336,12.461002793237018,1.0,299.9169266480451,19.4063072909228,1.0,nan,False,bondi_throughout,nan,0.0,0.6156284970581917,0.0,0.8457884290721458,3.526068326209497e-13
44,fixed,0.0003,0.0,1.0,973.6320281865301,858.5201894865478,15.111838699982956,2.0191930036174095,300.0,10.0,0.20588235294117646,0.93,True,eddington_at_end,nan,1.075,3.1283359680355782,3.0771403858574935,3.0771403858573683,1.4832579608992091e-13
45,evolving,0.0003,0.0,1.0,1046.8828009918482,936.327647589902,10.55515340193897,1.7746232515001625,53.66620345525566,10.0,1.0,nan,False,bondi_throughout,nan,0.0,0.6017224556075373,2.149287684765009,2.149287684764915,5.497824417943775e-13
46,fixed,0.0003,0.5,0.5,1118.5017719712291,1002.1217240079901,16.38004796320446,1.6333062855843108,300.0,10.0,0.19117647058823528,0.91,True,eddington_at_end,nan,1.095,3.593810826135612,1.6676894225292176,3.3353788450583313,2.504663143554353e-13
47,evolving,0.0003,0.5,0.5,1218.9797542806782,1112.0482092853038,6.931544995358598,1.3060306822535248,134.64623490975447,18.187013790155603,1.0,nan,False,bondi_throughout,nan,0.0,0.29221587077993455,0.7057161429876072,1.4114322859752044,5.258016244624741e-13
48,fixed,0.0003,1.0,0.0,1412.3061290471726,1293.7331044974105,18.57302454983863,1.0,300.0,10.0,0.17647058823529413,0.89,True,eddington_at_end,nan,1.115,4.5378212029493,0.0,3.7819225750401286,3.6148861681795097e-13
49,evolving,0.0003,1.0,0.0,1391.3802630065522,1284.2267196675496,7.153543339016141,1.0,299.9523097110732,24.006644655510424,1.0,nan,False,bondi_throughout,nan,0.0,0.32307320352913355,0.0,1.4566365845667868,2.708944180085382e-13
50,fixed,0.001,0.0,1.0,697.5420614239328,585.2631524281024,12.278908995849704,3.05520677496796,300.0,10.0,0.2647058823529412,1.01,True,eddington_at_end,nan,0.995,2.2412429509273624,8.334288437810123,8.33428843781001,8.970602038971265e-14
51,evolving,0.001,0.0,1.0,868.6677723574757,763.5056666727813,5.162105684665091,2.122208846190207,31.383911533230403,10.0,1.0,nan,False,bondi_throughout,nan,0.0,0.2919833330493827,3.503770386847968,3.503770386847976,1.1723955140041653e-13
52,fixed,0.001,0.5,0.5,855.6628808249891,741.685305823215,13.977575001790166,2.396586643356999,300.0,10.0,0.22058823529411764,0.9500000000000001,True,eddington_at_end,nan,1.055,2.749294280698136,4.743627539117168,9.487255078233883,8.348877145181177e-14
53,evolving,0.001,0.5,0.5,1114.2675628230493,1011.0849419893332,3.182620833689245,1.442254907534236,99.99181740807417,21.287564537363405,1.0,nan,False,bondi_throughout,nan,0.0,0.12370102511508396,1.0800992183065872,2.1601984366131988,2.220446049250313e-13
54,fixed,0.001,1.0,0.0,1412.3061290471726,1293.7331044974105,18.57302454983863,1.0,300.0,10.0,0.17647058823529413,0.89,True,eddington_at_end,nan,1.115,4.5378212029493,0.0,12.606408583467099,3.6148861681795097e-13
55,evolving,0.001,1.0,0.0,1384.8221639015376,1281.0981982636986,3.723965637862397,1.0,299.9751735624142,30.43799769605325,1.0,nan,False,bondi_throughout,nan,0.0,0.15777142968162236,0.0,2.52763529470976,1.4210854715202004e-13
56,evolving,0.00013,0.0,1.0,1164.2798269432642,1048.155057329517,16.124769613688244,1.5565364648367117,79.52207594705196,10.0,0.47794117647058826,1.26,True,transient_eddington,1.97,0.71,0.9916133455244728,1.4228057663663674,1.4228057663663827,1.3944401189291966e-13
57,evolving,0.00017,0.0,1.0,1127.04332370416,1012.7295182974885,14.313805406695064,1.6283826488846407,69.45662747603068,10.0,1.0,nan,False,bondi_throughout,nan,0.0,0.8384006071129,1.651630051188558,1.6516300511885247,5.053735208093713e-13
58,evolving,0.00022,0.0,1.0,1091.2822829331374,978.777817156785,12.504465776314964,1.6932881141495693,61.77432061336193,10.0,1.0,nan,False,bondi_throughout,nan,0.0,0.7220085885537245,1.8672246375202055,1.8672246375200414,5.835332217429823e-13
59,evolving,4e-05,0.5,0.5,1355.3261922765894,1237.6392534402698,17.686938836298395,1.1135975882152513,217.1529230337764,13.361540207336208,0.2867647058823529,1.04,True,eddington_at_end,nan,0.965,1.3214088885635429,0.240099588478824,0.48019917695764613,1.9273471707492718e-13
60,evolving,5e-05,0.5,0.5,1343.437651809742,1225.9040796827335,17.533572126958745,1.1390882541841394,202.89898972544228,14.046776169604527,0.34558823529411764,1.12,True,eddington_at_end,nan,0.8849999999999999,1.0533305867974965,0.2975220508202704,0.5950441016405411,3.943512183468556e-13
61,evolving,7e-05,0.5,0.5,1322.680831399417,1206.9072720091428,15.773559390329742,1.1724844025155865,186.05775461398508,14.918328029457843,1.0,nan,False,bondi_throughout,nan,0.0,0.7938522126881667,0.37471967414233126,0.7494393482846614,7.176481631177012e-13
62,evolving,4e-05,1.0,0.0,1409.6163720761256,1291.7428120169395,17.873560059195835,1.0,299.8808429329387,16.084756266870155,0.39705882352941174,1.19,True,eddington_at_end,nan,0.8150000000000001,1.0879363470684555,0.0,0.48526593036632215,3.161915174132446e-13
63,evolving,5e-05,1.0,0.0,1408.3922768344478,1291.242567900982,17.149708933549167,1.0,299.88566860710966,17.03999147675086,1.0,nan,False,bondi_throughout,nan,0.0,0.9142574506454765,0.0,0.5820167774066812,2.424727085781342e-13
64,evolving,7e-05,1.0,0.0,1404.501182793316,1289.7610525138002,14.74013027945349,1.0,299.9017324648036,18.139702370735925,1.0,nan,False,bondi_throughout,nan,0.0,0.7558017517926896,0.0,0.7003386716276765,2.948752353404416e-13
