task_id,baryon_fraction,scale_radius_over_rs,assembly_time_myr,sigma_over_m_cm2_g,final_black_hole_mass_msun,accreted_dark_matter_msun,enhancement_over_matched_control,peak_accretion_rate_msun_myr,final_accretion_rate_msun_myr,steps,mass_budget_residual_code
4,0.05,0.01,0.0,10.0,3476.838522499955,3376.838522499955,100.9299248409887,2654.4833937220565,1622.6753796552093,1828165,2.2115642650533118e-13
5,0.05,0.01,0.05,10.0,3453.2217380778234,3353.2217380778234,100.2240455811931,2640.7053510713436,1641.5287216749389,1814156,4.742872761198669e-13
6,0.05,0.01,0.2,10.0,3468.0349941559493,3368.0349941559493,100.66679722971098,2624.6184542869937,1671.7633751306803,1818745,9.707790127322369e-13
7,0.05,0.01,0.5,10.0,3522.102425603808,3422.102425603808,102.28281225560501,2691.31051424137,1775.6331474104954,1798418,1.4628298572461063e-12
8,0.05,0.01,1.0,10.0,3438.5642860076136,3338.5642860076136,99.78595074013109,2827.6217740227075,2086.0848795363345,1667037,1.971756091734278e-13
9,0.05,0.02,0.0,10.0,1876.7411804017165,1776.7411804017165,53.104805753955674,1879.858940038728,1879.858940038728,1241689,5.861977570020827e-14
10,0.05,0.02,0.05,10.0,1851.7622473842528,1751.7622473842528,52.35821339685527,1870.9787246249862,1870.9787246249862,1233058,7.016609515630989e-14
11,0.05,0.02,0.2,10.0,1874.3472876406913,1774.3472876406913,53.03325497803383,1854.3082236894002,1854.3082236894002,1251966,9.14823772291129e-14
12,0.05,0.02,0.5,10.0,1913.2822647773894,1813.2822647773894,54.19697787739927,1870.5192543709966,1870.5192543709966,1258875,4.5208281562736374e-13
13,0.05,0.02,1.0,10.0,1796.9993464779734,1696.9993464779734,50.721411567061715,1923.9732888069955,1923.9732888069955,1177250,3.099742684753437e-13
14,0.05,0.04,0.0,10.0,573.0794885201402,473.0794885201402,14.13981654793556,495.87294489550845,495.87294489550845,868625,1.6786572132332367e-13
15,0.05,0.04,0.05,10.0,564.2483043877179,464.2483043877179,13.875862336088188,488.1765355888867,488.1765355888867,862232,1.865174681370263e-13
16,0.05,0.04,0.2,10.0,567.5510302505686,467.5510302505686,13.974577116462445,488.5223761916264,488.5223761916264,861774,1.3145040611561853e-13
17,0.05,0.04,0.5,10.0,576.1670787242379,476.16707872423785,14.232101164201024,497.7355180407349,497.7355180407349,855913,9.681144774731365e-14
18,0.05,0.04,1.0,10.0,531.512660490589,431.51266049058904,12.897430570357043,477.6129595020832,477.6129595020832,810217,5.062616992290714e-14
19,0.05,0.07,0.0,10.0,279.05663744470365,179.05663744470365,5.351802533392932,152.04352751330975,106.87093285208255,734286,1.4566126083082054e-13
20,0.05,0.07,0.05,10.0,275.5167947488191,175.5167947488191,5.246000596207007,141.1678526555867,105.09217574562672,729369,1.8474111129762605e-13
21,0.05,0.07,0.2,10.0,269.77409386314525,169.77409386314525,5.074357692670642,119.85988955948858,102.57285710426227,719745,1.341149413747189e-13
22,0.05,0.07,0.5,10.0,260.57080654732647,160.57080654732647,4.799281733045562,99.76116819813618,99.76116819813618,702978,9.50350909079134e-14
23,0.05,0.07,1.0,10.0,239.84170635037,139.84170635037,4.1797121234951335,93.5445581496644,93.5445581496644,673916,8.615330671091215e-14
24,0.05,0.1,0.0,10.0,209.38240824593692,109.38240824593692,3.269317786334541,107.93674368895368,43.8759153565582,679740,9.947598300641403e-14
25,0.05,0.1,0.05,10.0,207.3695876849839,107.36958768498391,3.209156832062738,98.89997274151018,43.35485521030105,676098,5.062616992290714e-14
26,0.05,0.1,0.2,10.0,202.8295910735955,102.82959107359551,3.073461413489231,80.8436377375984,42.354085181116986,667442,7.72715225139109e-14
27,0.05,0.1,0.5,10.0,195.09020260193333,95.09020260193333,2.8421397522503673,70.85114915427296,41.02932408674857,653124,1.3589129821411916e-13
28,0.05,0.1,1.0,10.0,182.97669423611222,82.97669423611222,2.4800805419041527,70.83211150319013,39.24501735558603,634024,6.394884621840902e-14
29,0.05,0.15,0.0,10.0,169.81747603196146,69.81747603196146,2.086766234613013,80.38790576445112,20.35206875577191,637650,9.85878045867139e-14
30,0.05,0.15,0.05,10.0,168.79213476180416,68.79213476180416,2.056119931378849,72.18849393948669,20.24817843227948,635447,2.2293278334473143e-13
31,0.05,0.15,0.2,10.0,166.21342528464487,66.21342528464487,1.9790451906169633,70.89552093986119,20.053685101240774,629913,1.1457501614131615e-13
32,0.05,0.15,0.5,10.0,161.81262075745852,61.81262075745852,1.8475100676878486,70.83708504206199,19.829876379009065,621125,1.2079226507921703e-13
33,0.05,0.15,1.0,10.0,155.72371903544405,55.72371903544405,1.665519608543205,70.82858527088202,19.646184301708182,610688,7.638334409421077e-14
34,0.05,0.2,0.0,10.0,154.94063633228092,54.94063633228092,1.6421141427953134,75.12274520862174,13.92833511308154,618931,1.723066134218243e-13
35,0.05,0.2,0.05,10.0,154.3266034561808,54.326603456180806,1.623761387215873,71.42244551025044,13.910274640927154,617499,3.739231146937527e-13
36,0.05,0.2,0.2,10.0,152.74560617274142,52.74560617274142,1.5765071475096726,70.8647985190526,13.89535336027119,613894,1.9628743075372768e-13
37,0.05,0.2,0.5,10.0,150.05649731606644,50.05649731606644,1.4961326928281646,70.83213446336407,13.92535003777035,608270,2.2737367544323206e-13
38,0.05,0.2,1.0,10.0,146.4041543867986,46.40415438679861,1.3869682495513176,70.82733833145613,14.031844981819395,601777,1.4033219031261979e-13
39,0.05,0.3,0.0,10.0,143.68005037580332,43.68005037580332,1.3055478288658644,72.52161281407967,9.858251520815047,603447,1.723066134218243e-13
40,0.05,0.3,0.05,10.0,143.39047240287678,43.39047240287678,1.2968926672854866,71.06621416857195,9.870481358025001,602725,4.725109192804666e-13
41,0.05,0.3,0.2,10.0,142.63316159416473,42.63316159416473,1.2742574946246426,70.84305615908453,9.920214446207323,600894,2.6290081223123707e-13
42,0.05,0.3,0.5,10.0,141.33922033401026,41.339220334010264,1.2355830382460296,70.82858096871419,10.026092069829184,598060,4.3076653355456074e-13
43,0.05,0.3,1.0,10.0,139.5685267722677,39.56852677226769,1.1826589890466639,70.82644140774164,10.17664469347017,594819,3.197442310920451e-13
44,0.05,0.01,0.0,30.0,2223.372338334881,2123.372338334881,89.26716483841786,2714.267571026957,2714.267571026957,1305309,1.127986593019159e-13
45,0.05,0.01,0.05,30.0,2201.5408769391124,2101.5408769391124,88.34936411741577,2685.2365091567517,2685.2365091567517,1303207,8.615330671091215e-14
46,0.05,0.01,0.2,30.0,2269.9445018168885,2169.9445018168885,91.22507156978756,2648.192690058537,2648.192690058537,1340252,6.838973831690964e-14
47,0.05,0.01,0.5,30.0,2353.708057317796,2253.708057317796,94.74651478601363,2651.0365663373323,2651.0365663373323,1360825,1.2967404927621828e-13
48,0.05,0.01,1.0,30.0,2206.079989571473,2106.079989571473,88.54018967742604,2645.436025383024,2645.436025383024,1279793,6.856737400084967e-13
49,0.05,0.02,0.0,30.0,810.2750644492278,710.2750644492278,29.860161646698195,976.4587483312689,976.4587483312689,928513,2.0161650127192843e-13
50,0.05,0.02,0.05,30.0,802.0555325393232,702.0555325393232,29.51461023461214,961.4040673795018,961.4040673795018,926342,1.6431300764452317e-13
51,0.05,0.02,0.2,30.0,843.9716383893048,743.9716383893048,31.276775005595777,980.9215004827377,980.9215004827377,951484,1.0391687510491465e-13
52,0.05,0.02,0.5,30.0,890.0684458781087,790.0684458781087,33.21469763854048,1014.3228513451313,1014.3228513451313,963703,2.8688162956314045e-13
53,0.05,0.02,1.0,30.0,813.0318956479067,713.0318956479067,29.97605959855583,955.6175826879236,955.6175826879236,909533,1.6431300764452317e-13
54,0.05,0.04,0.0,30.0,352.13140115827423,252.13140115827423,10.599674367890957,214.0987834017671,214.0987834017671,763346,3.934630399271555e-13
55,0.05,0.04,0.05,30.0,346.38477373984523,246.38477373984523,10.358084549767892,209.99411935744473,209.99411935744473,757699,7.460698725481052e-14
56,0.05,0.04,0.2,30.0,344.79879870190814,244.79879870190814,10.29140971719841,207.69903873172385,207.69903873172385,754194,2.922107000813412e-13
57,0.05,0.04,0.5,30.0,337.8435180551254,237.8435180551254,9.999007780531619,203.93005289196648,203.93005289196648,741070,1.0658141036401503e-13
58,0.05,0.04,1.0,30.0,302.69975742893797,202.69975742893797,8.521554290052455,184.90660800795175,184.90660800795175,704400,1.1102230246251565e-13
59,0.05,0.07,0.0,30.0,227.28051134067596,127.28051134067596,5.350908166900267,110.77201978246055,67.38185212602656,685900,5.950795411990839e-14
60,0.05,0.07,0.05,30.0,223.54584219382326,123.54584219382326,5.193901635200563,97.48122329054677,65.93775836318258,680721,4.796163466380676e-14
61,0.05,0.07,0.2,30.0,216.63738094728723,116.63738094728723,4.903467999167628,75.11749172617729,63.359541165382595,670665,1.829647544582258e-13
62,0.05,0.07,0.5,30.0,204.94193647580593,104.94193647580593,4.4117882543363525,68.02731323839754,59.35885533054968,653962,6.750155989720952e-14
63,0.05,0.07,1.0,30.0,186.46065093576385,86.46065093576385,3.6348298599256323,67.96794284898554,52.86669710830252,630955,8.970602038971265e-14
64,0.05,0.1,0.0,30.0,182.13180061804727,82.13180061804727,3.452843786218243,88.28599333123051,31.54892516527032,646540,1.0480505352461478e-13
65,0.05,0.1,0.05,30.0,179.81772741549267,79.81772741549267,3.355559503904103,77.13334348859665,30.98879126428152,642800,1.3233858453531866e-13
66,0.05,0.1,0.2,30.0,174.7370721999395,74.73707219993949,3.1419673427810046,68.19238048755074,29.82793129511099,634555,9.769962616701378e-14
67,0.05,0.1,0.5,30.0,166.42778980787298,66.42778980787298,2.792642795413476,67.98711214202147,28.00420165404003,621758,4.973799150320701e-14
68,0.05,0.1,1.0,30.0,155.3969639651997,55.39696396519969,2.3289038029511473,67.95795533766587,25.36534206476158,606754,7.72715225139109e-14
69,0.05,0.15,0.0,30.0,151.80001940810965,51.80001940810965,2.1776872513857257,75.81433658355314,14.344788642771539,614105,1.794120407794253e-13
70,0.05,0.15,0.05,30.0,150.628330051559,50.628330051559004,2.1284291043135797,69.75267147588143,14.195040953989725,611948,2.8332891588433995e-13
71,0.05,0.15,0.2,30.0,147.86086126023503,47.860861260235026,2.012083945096698,68.0544808875366,13.86068967638422,606967,2.291500322826323e-13
72,0.05,0.15,0.5,30.0,143.43309459005812,43.43309459005812,1.8259394003661737,67.96556222894678,13.318496739887214,599539,2.3359092438113294e-13
73,0.05,0.15,1.0,30.0,137.99624650589638,37.99624650589638,1.5973727917840477,67.95254385731765,12.50757723926424,591527,8.881784197001252e-14
74,0.05,0.2,0.0,30.0,139.8661897286898,39.86618972868979,1.675985725980262,72.06559798691409,9.12595906045715,599511,4.2543746303636e-13
75,0.05,0.2,0.05,30.0,139.17993582068252,39.179935820682516,1.647135420444525,68.80203443196177,9.070415226797492,598173,4.1033842990145786e-13
76,0.05,0.2,0.2,30.0,137.5281487732035,37.5281487732035,1.5776938326536143,68.00764884563796,8.942529568343877,595040,2.1049828546892968e-13
77,0.05,0.2,0.5,30.0,134.92070496218562,34.920704962185624,1.4680761682040664,67.95797585761598,8.72782286341532,590446,2.220446049250313e-13
78,0.05,0.2,1.0,30.0,131.78563148560917,31.785631485609173,1.3362768055762366,67.95062925559004,8.367382251438459,585609,2.6201263381153694e-13
79,0.05,0.3,0.0,30.0,130.99472115475766,30.994721154757656,1.3030267148588002,69.68232548524209,5.718363509762785,587718,1.3322676295501878e-13
80,0.05,0.3,0.05,30.0,130.6844045925267,30.684404592526704,1.2899809201045536,68.29565196977134,5.705016275906023,587078,6.927791673660977e-14
81,0.05,0.3,0.2,30.0,129.9299622094432,29.929962209443204,1.258263952074059,67.97453466364172,5.672162229394348,585566,3.597122599785507e-13
82,0.05,0.3,0.5,30.0,128.75056109138717,28.75056109138717,1.2086816003991367,67.95252942814443,5.609568013738729,583368,2.8421709430404007e-13
83,0.05,0.3,1.0,30.0,127.34410239122246,27.344102391222464,1.1495536846966627,67.94925161549908,5.477961298194549,581084,9.059419880941277e-14
84,0.05,0.01,0.0,50.0,1081.0012735518837,981.0012735518837,44.34378447824264,1438.561570634304,1438.561570634304,1050206,1.2079226507921703e-13
85,0.05,0.01,0.05,50.0,1088.0059658632765,988.0059658632765,44.66041461376547,1430.196704237187,1430.196704237187,1055570,1.270095140171179e-13
86,0.05,0.01,0.2,50.0,1208.4968916905307,1108.4968916905307,50.10691482790112,1499.3355004885764,1499.3355004885764,1105560,1.0302869668521453e-13
87,0.05,0.01,0.5,50.0,1358.2278967794987,1258.2278967794987,56.87514194277111,1611.3521466167833,1611.3521466167833,1142749,2.922107000813412e-13
88,0.05,0.01,1.0,50.0,1319.3819372855087,1219.3819372855087,55.119204512215944,1624.674844590788,1624.674844590788,1090003,2.4513724383723456e-13
89,0.05,0.02,0.0,50.0,466.70782196166095,366.70782196166095,16.57613813759604,437.75343740032264,437.75343740032264,815853,1.4210854715202004e-13
90,0.05,0.02,0.05,50.0,466.24558520349154,366.24558520349154,16.55524384547349,434.1981076109622,434.1981076109622,816321,3.3573144264664734e-13
91,0.05,0.02,0.2,50.0,508.07599620872446,408.07599620872446,18.446086171841024,463.51581301291515,463.51581301291515,843468,2.5934809855243657e-13
92,0.05,0.02,0.5,50.0,554.9539793969425,454.9539793969425,20.565091762676357,508.3256730227997,508.3256730227997,857518,2.779998453661392e-13
93,0.05,0.02,1.0,50.0,516.9300658449852,416.93006584498517,18.846312926169425,491.5287507190482,491.5287507190482,816234,1.0036416142611415e-13
94,0.05,0.04,0.0,50.0,276.177599738952,176.17759973895198,7.9636813155523365,135.90123149488937,128.38433025588915,721637,2.8421709430404007e-13
95,0.05,0.04,0.05,50.0,271.9148568005181,171.91485680051812,7.770994354541919,125.89676522520944,125.89676522520944,716577,2.0161650127192843e-13
96,0.05,0.04,0.2,50.0,271.53266950266334,171.53266950266334,7.753718504221121,125.02413885961883,125.02413885961883,713638,1.1723955140041653e-13
97,0.05,0.04,0.5,50.0,266.76745135624446,166.76745135624446,7.538318369508214,123.78542549662636,123.78542549662636,701796,8.260059303211165e-14
98,0.05,0.04,1.0,50.0,241.7122463980495,141.7122463980495,6.405758566908088,112.90219884542593,112.90219884542593,671965,3.907985046680551e-14
99,0.05,0.07,0.0,50.0,203.61935290724642,103.61935290724642,4.6838616594832425,95.81614854352598,50.34101395554005,663458,6.306066779870889e-14
100,0.05,0.07,0.05,50.0,200.20241988601057,100.20241988601057,4.529407485411001,83.8626122247878,49.220099810088946,658552,7.016609515630989e-14
101,0.05,0.07,0.2,50.0,194.13110144999,94.13110144999001,4.25496825328758,63.380689869567945,47.24191691793787,649511,8.881784197001252e-14
102,0.05,0.07,0.5,50.0,184.32355372954436,84.32355372954436,3.8116418335359743,62.64448503152899,44.2319322863881,635383,4.707345624410664e-14
103,0.05,0.07,1.0,50.0,169.64931612492805,69.64931612492805,3.1483284951489434,62.59327621087639,39.22639789662723,617038,8.704148513061227e-14
104,0.05,0.1,0.0,50.0,171.54497959404418,71.54497959404418,3.2340173669007672,78.21889669004113,26.71500987794293,632637,1.0125233984581428e-13
105,0.05,0.1,0.05,50.0,169.3042989342325,69.30429893423249,3.1327328294164225,68.94224511533437,26.201870626391344,629088,1.3322676295501878e-13
106,0.05,0.1,0.2,50.0,164.5905337128013,64.59053371280129,2.9196584994480568,62.785752074283536,25.131281144187327,621719,4.884981308350689e-14
107,0.05,0.1,0.5,50.0,157.25117204753732,57.251172047537324,2.5879004470716565,62.6098178337593,23.43521148491583,610947,9.947598300641403e-14
108,0.05,0.1,1.0,50.0,147.88152002918193,47.88152002918193,2.1643680410088746,62.58464020410438,20.894119899003133,598776,1.4477308241112041e-13
109,0.05,0.15,0.0,50.0,147.26555264981633,47.26555264981633,2.136524728820991,68.88177516899972,13.076107848444384,606467,5.018208071305708e-13
110,0.05,0.15,0.05,50.0,146.09657379209864,46.09657379209864,2.083683873336094,64.03463711099553,12.906314356978669,604447,1.305622276959184e-13
111,0.05,0.15,0.2,50.0,143.43347798413473,43.433477984134726,1.963305083076534,62.6677832087387,12.519584695425971,599989,2.362554596402333e-13
112,0.05,0.15,0.5,50.0,139.309278934141,39.30927893414099,1.7768806626921065,62.591208727863815,11.869785461943808,593584,2.851052727237402e-13
113,0.05,0.15,1.0,50.0,134.36359077644786,34.363590776447865,1.553322818605636,62.57996112125097,10.88049223255806,586787,1.3855583347321954e-13
114,0.05,0.2,0.0,50.0,136.91994766115374,36.91994766115374,1.6688767345903066,65.96270107298955,8.362100624822894,594246,1.8385293287792592e-13
115,0.05,0.2,0.05,50.0,136.2275634051658,36.227563405165796,1.6375791827405597,63.294553590450505,8.288483338373396,592994,1.9273471707492718e-13
116,0.05,0.2,0.2,50.0,134.60835823793886,34.60835823793886,1.5643869383496858,62.62749525022358,8.114255177079047,590167,3.8458125573015423e-13
117,0.05,0.2,0.5,50.0,132.10802987123918,32.10802987123918,1.451365655700043,62.584654015616195,7.808741246854826,586121,1.5720758028692217e-13
118,0.05,0.2,1.0,50.0,129.16281609263623,29.162816092636234,1.3182344064735736,62.57830575850293,7.312952594787464,581898,2.8066438062523957e-13
119,0.05,0.3,0.0,50.0,128.8794362933473,28.87943629334731,1.3054249096014057,64.02890200812726,5.109600942156557,584032,2.4513724383723456e-13
120,0.05,0.3,0.05,50.0,128.56262599480337,28.56262599480337,1.291104268050906,62.87320828835304,5.085954749642549,583433,2.149391775674303e-13
121,0.05,0.3,0.2,50.0,127.80916169749521,27.809161697495213,1.2570457410003635,62.59894513084541,5.026865240635641,582053,1.580957587066223e-13
122,0.05,0.3,0.5,50.0,126.64953260088885,26.649532600888847,1.204627518801295,62.57994740146044,4.915429328471353,580072,1.9539925233402755e-13
123,0.05,0.3,1.0,50.0,125.29719787794794,25.297197877947937,1.1434985059108094,62.577114793175426,4.715650463012415,578037,1.341149413747189e-13
124,0.05,0.01,0.0,100.0,444.2300320028055,344.2300320028055,14.493057032741316,410.6964091424963,410.6964091424963,883088,1.4566126083082054e-13
125,0.05,0.01,0.05,100.0,460.885670753456,360.885670753456,15.194306487721894,420.04317313834486,420.04317313834486,892567,1.3500311979441904e-13
126,0.05,0.01,0.2,100.0,566.123201374793,466.123201374793,19.625103894926234,501.06628230001434,501.06628230001434,943933,1.758593271006248e-13
127,0.05,0.01,0.5,100.0,701.1351008312457,601.1351008312457,25.309486363057772,632.0253538886158,632.0253538886158,982323,2.255973186038318e-13
128,0.05,0.01,1.0,100.0,722.3985601391142,622.3985601391142,26.204738083743784,699.5069998638025,699.5069998638025,949020,8.43769498715119e-14
129,0.05,0.02,0.0,100.0,279.05953749927136,179.05953749927136,7.538912494456822,162.14748775827414,157.92518856244192,738840,8.881784197001252e-14
130,0.05,0.02,0.05,100.0,282.44142859369873,182.44142859369873,7.681299665689042,158.94814314336236,158.94814314336236,741668,2.0872192862952943e-13
131,0.05,0.02,0.2,100.0,321.47004427345166,221.47004427345166,9.324514668356187,182.84985180060767,182.84985180060767,770609,1.2612133559741778e-13
132,0.05,0.02,0.5,100.0,364.34120147248854,264.34120147248854,11.12951152679472,223.02494419451781,223.02494419451781,784460,6.217248937900877e-14
133,0.05,0.02,1.0,100.0,348.65992701343276,248.65992701343276,10.469285561736235,230.1599892336301,230.1599892336301,752872,4.085620730620576e-14
134,0.05,0.04,0.0,100.0,222.62338832824094,122.62338832824094,5.162791143611483,118.99247808987403,69.74996469531538,691366,2.2470914018413168e-13
135,0.05,0.04,0.05,100.0,219.94705822468288,119.94705822468288,5.05011008378753,105.82377961741138,68.6495572255188,687229,9.414691248821327e-14
136,0.05,0.04,0.2,100.0,222.32691792513785,122.32691792513785,5.1503089019090575,86.77988196351457,69.63718684632784,686308,1.127986593019159e-13
137,0.05,0.04,0.5,100.0,221.39008911992548,121.39008911992548,5.110865762027099,72.13043022937478,72.13043022937478,676452,6.128431095930864e-14
138,0.05,0.04,1.0,100.0,204.33025636646823,104.33025636646823,4.392598597403679,68.1233966857649,68.1233966857649,651875,9.14823772291129e-14
139,0.05,0.07,0.0,100.0,184.95474322823367,84.95474322823367,3.5768347451992506,84.03533909630346,35.34184327352816,646467,9.325873406851315e-14
140,0.05,0.07,0.05,100.0,182.08120962953726,82.08120962953726,3.4558508609951377,74.53734597563378,34.60750930045191,642030,8.970602038971265e-14
141,0.05,0.07,0.2,100.0,177.42823869276828,77.42823869276828,3.259947636729885,58.07295595340025,33.436337500583,634372,8.704148513061227e-14
142,0.05,0.07,0.5,100.0,170.22750770636864,70.22750770636864,2.956776515209416,55.09579841355218,31.85767347259052,622781,1.092459456231154e-13
143,0.05,0.07,1.0,100.0,159.50093433274452,59.50093433274452,2.50515746626905,55.058071639627414,28.836247453826715,608387,5.1514348342607263e-14
144,0.05,0.1,0.0,100.0,164.17399790472905,64.17399790472905,2.7019066472523225,68.35685700775578,22.184209150010712,621930,8.970602038971265e-14
145,0.05,0.1,0.05,100.0,162.13722580288035,62.13722580288035,2.6161527864893865,61.12763571823318,21.768676518563137,618681,1.2256862191861728e-13
146,0.05,0.1,0.2,100.0,158.09180913099934,58.09180913099934,2.4458293135325113,55.19971121529418,20.918648531872062,612302,1.0746958878371515e-13
147,0.05,0.1,0.5,100.0,152.1893317092125,52.189331709212496,2.1973183355370542,55.07025006074043,19.624898813546878,603592,1.2434497875801753e-13
148,0.05,0.1,1.0,100.0,144.90564796049813,44.90564796049813,1.8906546683248104,55.05170342670225,17.64192304000517,594270,1.829647544582258e-13
149,0.05,0.15,0.0,100.0,146.43883843227832,46.43883843227832,1.955206319499118,59.96288386582437,12.818350850209258,601553,1.794120407794253e-13
150,0.05,0.15,0.05,100.0,145.30516158452926,45.30516158452926,1.9074753207959265,56.139346828667286,12.638222362696224,599684,1.794120407794253e-13
151,0.05,0.15,0.2,100.0,142.830125141842,42.83012514184199,1.8032692928869862,55.1129380357253,12.220327773191492,595776,1.4921397450962104e-13
152,0.05,0.15,0.5,100.0,139.1919921220792,39.1919921220792,1.6500936125393408,55.05653909807101,11.528540124133178,590546,2.4780177909633494e-13
153,0.05,0.15,1.0,100.0,134.91661329535947,34.91661329535947,1.4700880830632876,55.04825546625091,10.490883440082575,585239,3.3928415632544784e-13
154,0.05,0.2,0.0,100.0,137.96521104657597,37.96521104657597,1.598442662764537,57.64503810307735,8.837395249270163,591936,4.227729277772596e-13
155,0.05,0.2,0.05,100.0,137.2692150095463,37.269215009546286,1.5691392629404595,55.576943070489214,8.744650111407939,590767,4.476419235288631e-13
156,0.05,0.2,0.2,100.0,135.69387595614702,35.693875956147025,1.5028130373814004,55.08327363164256,8.516850104350485,588252,3.419486915845482e-13
157,0.05,0.2,0.5,100.0,133.3448704132715,33.34487041327151,1.4039132664780793,55.051710924541624,8.121617650066,584877,1.2523315717771766e-13
158,0.05,0.2,1.0,100.0,130.59078667891995,30.590786678919955,1.2879585590905005,55.04703623784978,7.509176304061983,581462,1.6697754290362354e-13
159,0.05,0.3,0.0,100.0,130.68221919615803,30.68221919615803,1.291808126425659,56.15858233133519,5.657518146775518,583573,2.4069635173873394e-13
160,0.05,0.3,0.05,100.0,130.3506156933711,30.35061569337111,1.2778466819514926,55.26533896510691,5.621134599024199,583006,1.341149413747189e-13
161,0.05,0.3,0.2,100.0,129.5777360351392,29.577736035139196,1.2453062644259543,55.0622432896168,5.528089088021281,581752,3.2152058793144533e-13
162,0.05,0.3,0.5,100.0,128.40692163609256,28.406921636092562,1.1960116698741363,55.0482448642474,5.35625211232203,580040,1.1191048088221578e-13
163,0.05,0.3,1.0,100.0,127.02931886325047,27.029318863250467,1.1380107004668523,55.046159360088815,5.072964562919748,578295,2.0339285811132868e-13
