halo_mass_msun,formation_redshift,observation_redshift,seed_mass_msun,post_dark_burst_mass_msun,target_mass_msun,available_post_burst_time_myr,seed_only_required_activity,post_burst_required_activity,activity_reduction_factor,seed_only_feasible,post_burst_feasible,dark_burst_changes_feasibility
1000000.0,10.0,8.0,100.0,406.0618526402002,100000.0,163.70434261312272,2.086633118924591,1.6836513944444838,0.8068746629077775,False,False,False
1000000.0,10.0,8.0,100.0,406.0618526402002,1000000.0,163.70434261312272,2.782177491899455,2.3876933351914937,0.8582102839029735,False,False,False
1000000.0,10.0,8.0,100.0,406.0618526402002,10000000.0,163.70434261312272,3.4777218648743182,3.091735275938505,0.8890116565000914,False,False,False
1000000.0,10.0,6.0,100.0,406.0618526402002,100000.0,455.26217060290134,0.7561617633714994,0.6054117001467485,0.8006378125328615,True,True,False
1000000.0,10.0,6.0,100.0,406.0618526402002,1000000.0,455.26217060290134,1.0082156844953325,0.8585729125739202,0.8515766276773241,False,True,True
1000000.0,10.0,6.0,100.0,406.0618526402002,10000000.0,455.26217060290134,1.2602696056191656,1.1117341250010921,0.8821399167640018,False,False,False
1000000.0,10.0,4.0,100.0,406.0618526402002,100000.0,1062.6509034272406,0.32476764743552317,0.2593712044362585,0.7986362141806382,True,True,False
1000000.0,10.0,4.0,100.0,406.0618526402002,1000000.0,1062.6509034272406,0.43302352991403087,0.3678308337560465,0.8494476820441439,True,True,False
1000000.0,10.0,4.0,100.0,406.0618526402002,10000000.0,1062.6509034272406,0.5412794123925386,0.47629046307583467,0.8799345627622474,True,True,False
1000000.0,15.0,11.0,100.0,713.4184056857372,100000.0,143.2259067744149,2.3808711332975756,1.7274263624336468,0.7255438306907065,False,False,False
1000000.0,15.0,11.0,100.0,713.4184056857372,1000000.0,143.2259067744149,3.1744948443967673,2.532132198673078,0.7976488615637508,False,False,False
1000000.0,15.0,11.0,100.0,713.4184056857372,10000000.0,143.2259067744149,3.968118555495959,3.33683803491251,0.8409118800875777,False,False,False
1000000.0,15.0,8.0,100.0,713.4184056857372,100000.0,366.6829499150117,0.9378360711442565,0.6747306009263108,0.7194547338140556,True,True,False
1000000.0,15.0,8.0,100.0,713.4184056857372,1000000.0,366.6829499150117,1.2504480948590087,0.9890477054133605,0.790954626169332,False,True,True
1000000.0,15.0,8.0,100.0,713.4184056857372,10000000.0,366.6829499150117,1.5630601185737607,1.3033648099004107,0.833854561582498,False,False,False
1000000.0,15.0,6.0,100.0,713.4184056857372,100000.0,658.2407779047903,0.5236940534685212,0.37586885445339957,0.7177260309983504,True,True,False
1000000.0,15.0,6.0,100.0,713.4184056857372,1000000.0,658.2407779047903,0.6982587379580283,0.5509639366039119,0.7890541237122761,True,True,False
1000000.0,15.0,6.0,100.0,713.4184056857372,10000000.0,658.2407779047903,0.8728234224475353,0.7260590187544244,0.8318509793406319,True,True,False
1000000.0,15.0,4.0,100.0,713.4184056857372,100000.0,1265.6295107291294,0.27276437343848897,0.195485491645224,0.7166826414348716,True,True,False
1000000.0,15.0,4.0,100.0,713.4184056857372,1000000.0,1265.6295107291294,0.3636858312513186,0.286550627299068,0.7879070413965407,True,True,False
1000000.0,15.0,4.0,100.0,713.4184056857372,10000000.0,1265.6295107291294,0.4546072890641482,0.3776157629529121,0.8306416813735424,True,True,False
1000000.0,20.0,11.0,100.0,1050.6022033901838,100000.0,233.39665493078812,1.4688576154484085,0.9770430517126751,0.6651720639474006,False,True,True
1000000.0,20.0,11.0,100.0,1050.6022033901838,1000000.0,233.39665493078812,1.958476820597878,1.4708578543122852,0.7510213237363035,False,False,False
1000000.0,20.0,11.0,100.0,1050.6022033901838,10000000.0,233.39665493078812,2.4480960257473474,1.9646726569118953,0.8025308796096452,False,False,False
1000000.0,20.0,8.0,100.0,1050.6022033901838,100000.0,456.8536980713849,0.753539027144068,0.4991501238925632,0.6624077929770338,True,True,False
1000000.0,20.0,8.0,100.0,1050.6022033901838,1000000.0,456.8536980713849,1.0047187028587574,0.7514294062286941,0.7479002870063318,False,True,True
1000000.0,20.0,8.0,100.0,1050.6022033901838,10000000.0,456.8536980713849,1.2558983785734465,1.0037086885648252,0.7991957834239111,False,False,False
1000000.0,20.0,6.0,100.0,1050.6022033901838,100000.0,748.4115260611635,0.46076606933405123,0.3046967771772012,0.6612830185555585,True,True,False
1000000.0,20.0,6.0,100.0,1050.6022033901838,1000000.0,748.4115260611635,0.6143547591120684,0.45869590609045274,0.7466303455570352,True,True,False
1000000.0,20.0,6.0,100.0,1050.6022033901838,10000000.0,748.4115260611635,0.7679434488900854,0.6126950350037043,0.7978387417579214,True,True,False
1000000.0,20.0,4.0,100.0,1050.6022033901838,100000.0,1355.8002588855027,0.25465024548601595,0.16819481962672,0.6604934517369486,True,True,False
1000000.0,20.0,4.0,100.0,1050.6022033901838,1000000.0,1355.8002588855027,0.33953366064802126,0.25320345001066635,0.745738874688924,True,True,False
1000000.0,20.0,4.0,100.0,1050.6022033901838,10000000.0,1355.8002588855027,0.4244170758100266,0.3382120803946127,0.7968861284601091,True,True,False
1000000.0,25.0,11.0,100.0,1416.8050569783422,100000.0,282.47645798720197,1.2154403625966284,0.7542938062970719,0.6205930208584011,False,True,True
1000000.0,25.0,11.0,100.0,1416.8050569783422,1000000.0,282.47645798720197,1.6205871501288378,1.162309128718306,0.7172148246553119,False,False,False
1000000.0,25.0,11.0,100.0,1416.8050569783422,10000000.0,282.47645798720197,2.0257339376610473,1.5703244511395402,0.7751879069334584,False,False,False
1000000.0,25.0,8.0,100.0,1416.8050569783422,100000.0,505.93350112779876,0.6807272378735523,0.42114278301301883,0.6186659789441946,True,True,False
1000000.0,25.0,8.0,100.0,1416.8050569783422,1000000.0,505.93350112779876,0.9076363171647364,0.6489488540186689,0.7149877563800529,True,True,False
1000000.0,25.0,8.0,100.0,1416.8050569783422,10000000.0,505.93350112779876,1.1345453964559202,0.8767549250243188,0.7727808228415678,False,True,True
1000000.0,25.0,6.0,100.0,1416.8050569783422,100000.0,797.4913291175774,0.43248019916338504,0.2671756229879556,0.6177753883410055,True,True,False
1000000.0,25.0,6.0,100.0,1416.8050569783422,1000000.0,797.4913291175774,0.5766402655511801,0.4116972232536106,0.7139585073201415,True,True,False
1000000.0,25.0,6.0,100.0,1416.8050569783422,10000000.0,797.4913291175774,0.7208003319389751,0.5562188235192657,0.7716683787076234,True,True,False
1000000.0,25.0,4.0,100.0,1416.8050569783422,100000.0,1404.8800619419167,0.24576662830014875,0.15166436513445988,0.6171072378029938,True,True,False
1000000.0,25.0,4.0,100.0,1416.8050569783422,1000000.0,1404.8800619419167,0.3276888377335317,0.2337031997683174,0.7131863306200225,True,True,False
1000000.0,25.0,4.0,100.0,1416.8050569783422,10000000.0,1404.8800619419167,0.40961104716691454,0.31574203440217496,0.7708337863102398,True,True,False
1000000.0,30.0,11.0,100.0,1820.848112096927,100000.0,312.6176688916249,1.0989979376055745,0.6413958345002062,0.5836187790285011,False,True,True
1000000.0,30.0,11.0,100.0,1820.848112096927,1000000.0,312.6176688916249,1.4653305834740995,1.010072126824591,0.6893134820334176,False,False,False
1000000.0,30.0,11.0,100.0,1820.848112096927,10000000.0,312.6176688916249,1.8316632293426243,1.3787484191489756,0.7527303038363675,False,False,False
1000000.0,30.0,8.0,100.0,1820.848112096927,100000.0,536.0747120322217,0.6425950923065564,0.374036801434127,0.5820722970222888,True,True,False
1000000.0,30.0,8.0,100.0,1820.848112096927,1000000.0,536.0747120322217,0.856793456408742,0.5890343017734618,0.6874869285795023,True,True,False
1000000.0,30.0,8.0,100.0,1820.848112096927,10000000.0,536.0747120322217,1.0709918205109275,0.8040318021127967,0.7507357075138307,False,True,True
1000000.0,30.0,6.0,100.0,1820.848112096927,100000.0,827.6325400220003,0.41676784909738507,0.2422713715593189,0.5813101276502449,True,True,False
1000000.0,30.0,6.0,100.0,1820.848112096927,1000000.0,827.6325400220003,0.5556904654631801,0.38152969878627,0.6865867285814535,True,True,False
1000000.0,30.0,6.0,100.0,1820.848112096927,10000000.0,827.6325400220003,0.6946130818289751,0.520788026013221,0.7497526891401787,True,True,False
1000000.0,30.0,4.0,100.0,1820.848112096927,100000.0,1435.0212728463393,0.24061172633951802,0.1397273158331246,0.5807169831613307,True,True,False
1000000.0,30.0,4.0,100.0,1820.848112096927,1000000.0,1435.0212728463393,0.3208156351193574,0.22004300540715488,0.6858861642615681,True,True,False
1000000.0,30.0,4.0,100.0,1820.848112096927,10000000.0,1435.0212728463393,0.4010195438991967,0.30035869498118517,0.7489876729217108,True,True,False
10000000.0,10.0,8.0,1000.0,2772.217633985424,100000.0,163.70434261312272,1.3910887459497274,1.0963148744878697,0.7880984428059555,False,False,False
10000000.0,10.0,8.0,1000.0,2772.217633985424,1000000.0,163.70434261312272,2.086633118924591,1.8003568152348801,0.8628046775001578,False,False,False
10000000.0,10.0,8.0,1000.0,2772.217633985424,10000000.0,163.70434261312272,2.782177491899455,2.50439875598189,0.9001577948472587,False,False,False
10000000.0,10.0,6.0,1000.0,2772.217633985424,100000.0,455.26217060290134,0.5041078422476662,0.3942157231894573,0.7820067258461347,True,True,False
10000000.0,10.0,6.0,1000.0,2772.217633985424,1000000.0,455.26217060290134,0.7561617633714994,0.6473769356166291,0.8561355082676605,True,True,False
10000000.0,10.0,6.0,1000.0,2772.217633985424,10000000.0,455.26217060290134,1.0082156844953325,0.9005381480438008,0.8931998994784234,False,True,True
10000000.0,10.0,4.0,1000.0,2772.217633985424,100000.0,1062.6509034272406,0.21651176495701543,0.16889037147213343,0.7800517052995416,True,True,False
10000000.0,10.0,4.0,1000.0,2772.217633985424,1000000.0,1062.6509034272406,0.32476764743552317,0.2773500007919215,0.8539951654112481,True,True,False
10000000.0,10.0,4.0,1000.0,2772.217633985424,10000000.0,1062.6509034272406,0.43302352991403087,0.38580963011170955,0.8909668954671013,True,True,False
10000000.0,15.0,11.0,1000.0,3905.555213968624,100000.0,143.2259067744149,1.5872474221983837,1.1332810846555281,0.7139914475878631,False,False,False
10000000.0,15.0,11.0,1000.0,3905.555213968624,1000000.0,143.2259067744149,2.3808711332975756,1.9379869208949596,0.8139822831195368,False,False,False
10000000.0,15.0,11.0,1000.0,3905.555213968624,10000000.0,143.2259067744149,3.1744948443967673,2.7426927571343915,0.8639777008853738,False,False,False
10000000.0,15.0,8.0,1000.0,3905.555213968624,100000.0,366.6829499150117,0.6252240474295043,0.44265819018228486,0.7079993036131512,True,True,False
10000000.0,15.0,8.0,1000.0,3905.555213968624,1000000.0,366.6829499150117,0.9378360711442565,0.7569752946693348,0.8071509701538213,True,True,False
10000000.0,15.0,8.0,1000.0,3905.555213968624,10000000.0,366.6829499150117,1.2504480948590087,1.0712923991563847,0.8567268034241564,False,False,False
10000000.0,15.0,6.0,1000.0,3905.555213968624,100000.0,658.2407779047903,0.34912936897901414,0.24658941899153836,0.7062981258570676,True,True,False
10000000.0,15.0,6.0,1000.0,3905.555213968624,1000000.0,658.2407779047903,0.5236940534685212,0.4216845011420507,0.8052115511893966,True,True,False
10000000.0,15.0,6.0,1000.0,3905.555213968624,10000000.0,658.2407779047903,0.6982587379580283,0.5967795832925631,0.8546682638555609,True,True,False
10000000.0,15.0,4.0,1000.0,3905.555213968624,100000.0,1265.6295107291294,0.1818429156256593,0.12824859850697592,0.7052713495365841,True,True,False
10000000.0,15.0,4.0,1000.0,3905.555213968624,1000000.0,1265.6295107291294,0.27276437343848897,0.21931373416081995,0.8040409801182387,True,True,False
10000000.0,15.0,4.0,1000.0,3905.555213968624,10000000.0,1265.6295107291294,0.3636858312513186,0.310378869814664,0.8534257954090663,True,True,False
10000000.0,20.0,11.0,1000.0,5313.523621536039,100000.0,233.39665493078812,0.979238410298939,0.6294249320689944,0.642769856093416,True,True,False
10000000.0,20.0,11.0,1000.0,5313.523621536039,1000000.0,233.39665493078812,1.4688576154484085,1.1232397346686043,0.7647029384299477,False,False,False
10000000.0,20.0,11.0,1000.0,5313.523621536039,10000000.0,233.39665493078812,1.958476820597878,1.6170545372682144,0.8256694795982139,False,False,False
10000000.0,20.0,8.0,1000.0,5313.523621536039,100000.0,456.8536980713849,0.5023593514293787,0.32155955899034305,0.6400986824976974,True,True,False
10000000.0,20.0,8.0,1000.0,5313.523621536039,1000000.0,456.8536980713849,0.753539027144068,0.5738388413264739,0.7615250446965404,True,True,False
10000000.0,20.0,8.0,1000.0,5313.523621536039,10000000.0,456.8536980713849,1.0047187028587574,0.8261181236626048,0.8222382257959618,False,True,True
10000000.0,20.0,6.0,1000.0,5313.523621536039,100000.0,748.4115260611635,0.3071773795560342,0.19628996689574776,0.6390117891475184,True,True,False
10000000.0,20.0,6.0,1000.0,5313.523621536039,1000000.0,748.4115260611635,0.46076606933405123,0.35028909580899925,0.7602319682855007,True,True,False
10000000.0,20.0,6.0,1000.0,5313.523621536039,10000000.0,748.4115260611635,0.6143547591120684,0.5042882247222508,0.8208420578544917,True,True,False
10000000.0,20.0,4.0,1000.0,5313.523621536039,100000.0,1355.8002588855027,0.16976683032401063,0.10835347811166633,0.6382488140048732,True,True,False
10000000.0,20.0,4.0,1000.0,5313.523621536039,1000000.0,1355.8002588855027,0.25465024548601595,0.1933621084956126,0.7593242571848651,True,True,False
10000000.0,20.0,4.0,1000.0,5313.523621536039,10000000.0,1355.8002588855027,0.33953366064802126,0.27837073887955893,0.8198619787748612,True,True,False
10000000.0,25.0,11.0,1000.0,7143.132318911125,100000.0,282.47645798720197,0.8102935750644189,0.46763097362332795,0.5771130217664023,True,True,False
10000000.0,25.0,11.0,1000.0,7143.132318911125,1000000.0,282.47645798720197,1.2154403625966284,0.8756462960445621,0.7204354265262831,False,True,True
10000000.0,25.0,11.0,1000.0,7143.132318911125,10000000.0,282.47645798720197,1.6205871501288378,1.2836616184657963,0.7920966289062235,False,False,False
10000000.0,25.0,8.0,1000.0,7143.132318911125,100000.0,505.93350112779876,0.4538181585823682,0.26109111331779,0.5753209922965254,True,True,False
10000000.0,25.0,8.0,1000.0,7143.132318911125,1000000.0,505.93350112779876,0.6807272378735523,0.48889718432344,0.718198357760226,True,True,False
10000000.0,25.0,8.0,1000.0,7143.132318911125,10000000.0,505.93350112779876,0.9076363171647364,0.71670325532909,0.7896370404920763,True,True,False
10000000.0,25.0,6.0,1000.0,7143.132318911125,100000.0,797.4913291175774,0.28832013277559004,0.16563783987518324,0.5744927982677683,True,True,False
10000000.0,25.0,6.0,1000.0,7143.132318911125,1000000.0,797.4913291175774,0.43248019916338504,0.31015944014083824,0.717164486931029,True,True,False
10000000.0,25.0,6.0,1000.0,7143.132318911125,10000000.0,797.4913291175774,0.5766402655511801,0.45468104040649326,0.7885003312626592,True,True,False
10000000.0,25.0,4.0,1000.0,7143.132318911125,100000.0,1404.8800619419167,0.16384441886676585,0.09402563581949792,0.5738714597044481,True,True,False
10000000.0,25.0,4.0,1000.0,7143.132318911125,1000000.0,1404.8800619419167,0.24576662830014875,0.17606447045335544,0.7163888428266681,True,True,False
10000000.0,25.0,4.0,1000.0,7143.132318911125,10000000.0,1404.8800619419167,0.3276888377335317,0.258103305087213,0.7876475343877783,True,True,False
10000000.0,30.0,11.0,1000.0,9445.47643050131,100000.0,312.6176688916249,0.7326652917370498,0.3778106645668686,0.5156661149747259,True,True,False
10000000.0,30.0,11.0,1000.0,9445.47643050131,1000000.0,312.6176688916249,1.0989979376055745,0.7464869568912534,0.6792432736658731,False,True,True
10000000.0,30.0,11.0,1000.0,9445.47643050131,10000000.0,312.6176688916249,1.4653305834740995,1.1151632492156383,0.7610318530114466,False,False,False
10000000.0,30.0,8.0,1000.0,9445.47643050131,100000.0,536.0747120322217,0.428396728204371,0.22032430664662814,0.514299694981611,True,True,False
10000000.0,30.0,8.0,1000.0,9445.47643050131,1000000.0,536.0747120322217,0.6425950923065564,0.435321806985963,0.6774434044047887,True,True,False
10000000.0,30.0,8.0,1000.0,9445.47643050131,10000000.0,536.0747120322217,0.856793456408742,0.650319307325298,0.7590152591163775,True,True,False
10000000.0,30.0,6.0,1000.0,9445.47643050131,100000.0,827.6325400220003,0.27784523273159006,0.14270860983323644,0.5136262675095054,True,True,False
10000000.0,30.0,6.0,1000.0,9445.47643050131,1000000.0,827.6325400220003,0.41676784909738507,0.28196693706018755,0.6765563554646967,True,True,False
10000000.0,30.0,6.0,1000.0,9445.47643050131,10000000.0,827.6325400220003,0.5556904654631801,0.4212252642871387,0.7580213994422925,True,True,False
10000000.0,30.0,4.0,1000.0,9445.47643050131,100000.0,1435.0212728463393,0.1604078175596787,0.08230560164799537,0.5131021847945416,True,True,False
10000000.0,30.0,4.0,1000.0,9445.47643050131,1000000.0,1435.0212728463393,0.24061172633951802,0.16262129122202568,0.6758660257171214,True,True,False
10000000.0,30.0,4.0,1000.0,9445.47643050131,10000000.0,1435.0212728463393,0.3208156351193574,0.242936980796056,0.7572479461784113,True,True,False
100000000.0,10.0,8.0,10000.0,20414.081499467815,100000.0,163.70434261312272,0.6955443729748637,0.485838331685216,0.6985008441765853,True,True,False
100000000.0,10.0,8.0,10000.0,20414.081499467815,1000000.0,163.70434261312272,1.3910887459497274,1.1898802724322264,0.8553589955325737,False,False,False
100000000.0,10.0,8.0,10000.0,20414.081499467815,10000000.0,163.70434261312272,2.086633118924591,1.8939222131792364,0.9076450459845696,False,False,False
100000000.0,10.0,6.0,10000.0,20414.081499467815,100000.0,455.26217060290134,0.2520539211238331,0.1746989972820678,0.6931016843663339,True,True,False
100000000.0,10.0,6.0,10000.0,20414.081499467815,1000000.0,455.26217060290134,0.5041078422476662,0.4278602097092396,0.848747378738523,True,True,False
100000000.0,10.0,6.0,10000.0,20414.081499467815,10000000.0,455.26217060290134,0.7561617633714994,0.6810214221364113,0.9006292768625858,True,True,False
100000000.0,10.0,4.0,10000.0,20414.081499467815,100000.0,1062.6509034272406,0.10825588247850772,0.07484475329411906,0.6913689268477227,True,True,False
100000000.0,10.0,4.0,10000.0,20414.081499467815,1000000.0,1062.6509034272406,0.21651176495701543,0.18330438261390714,0.8466255062411918,True,True,False
100000000.0,10.0,4.0,10000.0,20414.081499467815,10000000.0,1062.6509034272406,0.32476764743552317,0.29176401193369517,0.8983776993723481,True,True,False
100000000.0,15.0,11.0,10000.0,27355.47503283026,100000.0,143.2259067744149,0.7936237110991918,0.45301376889310524,0.5708168273673023,True,True,False
100000000.0,15.0,11.0,10000.0,27355.47503283026,1000000.0,143.2259067744149,1.5872474221983837,1.257719605132537,0.7923903907750934,False,False,False
100000000.0,15.0,11.0,10000.0,27355.47503283026,10000000.0,143.2259067744149,2.3808711332975756,2.062425441371968,0.8662482452443568,False,False,False
100000000.0,15.0,8.0,10000.0,27355.47503283026,100000.0,366.6829499150117,0.31261202371475216,0.17694661790532834,0.566026270527541,True,True,False
100000000.0,15.0,8.0,10000.0,27355.47503283026,1000000.0,366.6829499150117,0.6252240474295043,0.4912637223923783,0.7857402868813513,True,True,False
100000000.0,15.0,8.0,10000.0,27355.47503283026,10000000.0,366.6829499150117,0.9378360711442565,0.805580826879428,0.8589782923326211,True,True,False
100000000.0,15.0,6.0,10000.0,27355.47503283026,100000.0,658.2407779047903,0.17456468448950707,0.09857078140545573,0.5646662249796621,True,True,False
100000000.0,15.0,6.0,10000.0,27355.47503283026,1000000.0,658.2407779047903,0.34912936897901414,0.2736658635559681,0.7838523134168581,True,True,False
100000000.0,15.0,6.0,10000.0,27355.47503283026,10000000.0,658.2407779047903,0.5236940534685212,0.4487609457064804,0.8569143428959234,True,True,False
100000000.0,15.0,4.0,10000.0,27355.47503283026,100000.0,1265.6295107291294,0.09092145781282965,0.05126564075898558,0.5638453451166688,True,True,False
100000000.0,15.0,4.0,10000.0,27355.47503283026,1000000.0,1265.6295107291294,0.1818429156256593,0.14233077641282962,0.7827127931991086,True,True,False
100000000.0,15.0,4.0,10000.0,27355.47503283026,10000000.0,1265.6295107291294,0.27276437343848897,0.23339591206667362,0.8556686092265883,True,True,False
100000000.0,20.0,11.0,10000.0,37235.53244942702,100000.0,233.39665493078812,0.4896192051494695,0.21186750365905224,0.432718940414876,True,True,False
100000000.0,20.0,11.0,10000.0,37235.53244942702,1000000.0,233.39665493078812,0.979238410298939,0.7056823062586622,0.7206440217589439,True,True,False
100000000.0,20.0,11.0,10000.0,37235.53244942702,10000000.0,233.39665493078812,1.4688576154484085,1.1994971088582722,0.8166190488736331,False,False,False
100000000.0,20.0,8.0,10000.0,37235.53244942702,100000.0,456.8536980713849,0.25117967571468935,0.1082385167315264,0.4309206802801699,True,True,False
100000000.0,20.0,8.0,10000.0,37235.53244942702,1000000.0,456.8536980713849,0.5023593514293787,0.3605177990676573,0.717649224687198,True,True,False
100000000.0,20.0,8.0,10000.0,37235.53244942702,10000000.0,456.8536980713849,0.753539027144068,0.6127970814037882,0.8132254061562075,True,True,False
100000000.0,20.0,6.0,10000.0,37235.53244942702,100000.0,748.4115260611635,0.1535886897780171,0.06607216073061667,0.4301889730689888,True,True,False
100000000.0,20.0,6.0,10000.0,37235.53244942702,1000000.0,748.4115260611635,0.3071773795560342,0.22007128964386818,0.716430649815227,True,True,False
100000000.0,20.0,6.0,10000.0,37235.53244942702,10000000.0,748.4115260611635,0.46076606933405123,0.3740704185571197,0.811844542063973,True,True,False
100000000.0,20.0,4.0,10000.0,37235.53244942702,100000.0,1355.8002588855027,0.08488341516200532,0.03647230948547509,0.42967533075649,True,True,False
100000000.0,20.0,4.0,10000.0,37235.53244942702,1000000.0,1355.8002588855027,0.16976683032401063,0.1214809398694214,0.7155752371506696,True,True,False
100000000.0,20.0,4.0,10000.0,37235.53244942702,10000000.0,1355.8002588855027,0.25465024548601595,0.2064895702533677,0.8108752059487295,True,True,False
100000000.0,25.0,11.0,10000.0,50358.29312451757,100000.0,282.47645798720197,0.40514678753220945,0.12155959640752173,0.3000384061982909,True,True,False
100000000.0,25.0,11.0,10000.0,50358.29312451757,1000000.0,282.47645798720197,0.8102935750644189,0.529574918828756,0.6535593211221679,True,True,False
100000000.0,25.0,11.0,10000.0,50358.29312451757,10000000.0,282.47645798720197,1.2154403625966284,0.9375902412499901,0.7713996260967935,False,True,True
100000000.0,25.0,8.0,10000.0,50358.29312451757,100000.0,505.93350112779876,0.2269090792911841,0.06787003460139879,0.2991067383174371,True,True,False
100000000.0,25.0,8.0,10000.0,50358.29312451757,1000000.0,505.93350112779876,0.4538181585823682,0.29567610560704877,0.6515299135025322,True,True,False
100000000.0,25.0,8.0,10000.0,50358.29312451757,10000000.0,505.93350112779876,0.6807272378735523,0.5234821766126988,0.7690043052308972,True,True,False
100000000.0,25.0,6.0,10000.0,50358.29312451757,100000.0,797.4913291175774,0.14416006638779502,0.043057175637940995,0.2986761640502847,True,True,False
100000000.0,25.0,6.0,10000.0,50358.29312451757,1000000.0,797.4913291175774,0.28832013277559004,0.187578775903596,0.6505920141539173,True,True,False
100000000.0,25.0,6.0,10000.0,50358.29312451757,10000000.0,797.4913291175774,0.43248019916338504,0.332100376169251,0.7678972975217948,True,True,False
100000000.0,25.0,4.0,10000.0,50358.29312451757,100000.0,1404.8800619419167,0.08192220943338292,0.024441747845781726,0.2983531329884009,True,True,False
100000000.0,25.0,4.0,10000.0,50358.29312451757,1000000.0,1404.8800619419167,0.16384441886676585,0.10648058247963926,0.6498883710297547,True,True,False
100000000.0,25.0,4.0,10000.0,50358.29312451757,10000000.0,1404.8800619419167,0.24576662830014875,0.1885194171134968,0.767066783710206,True,True,False
100000000.0,30.0,11.0,10000.0,66854.67312127195,100000.0,312.6176688916249,0.3663326458685249,0.06446977078830231,0.17598696571377975,True,True,False
100000000.0,30.0,11.0,10000.0,66854.67312127195,1000000.0,312.6176688916249,0.7326652917370498,0.433146063112687,0.5911922783809734,True,True,False
100000000.0,30.0,11.0,10000.0,66854.67312127195,10000000.0,312.6176688916249,1.0989979376055745,0.8018223554370718,0.7295940492700381,False,True,True
100000000.0,30.0,8.0,10000.0,66854.67312127195,100000.0,536.0747120322217,0.2141983641021855,0.03759623240091397,0.1755206327485223,True,True,False
100000000.0,30.0,8.0,10000.0,66854.67312127195,1000000.0,536.0747120322217,0.428396728204371,0.2525937327402488,0.5896257279998329,True,True,False
100000000.0,30.0,8.0,10000.0,66854.67312127195,10000000.0,536.0747120322217,0.6425950923065564,0.4675912330795837,0.72766075975027,True,True,False
100000000.0,30.0,6.0,10000.0,66854.67312127195,100000.0,827.6325400220003,0.13892261636579503,0.024351857235193643,0.1752908048540717,True,True,False
100000000.0,30.0,6.0,10000.0,66854.67312127195,1000000.0,827.6325400220003,0.27784523273159006,0.1636101844621447,0.5888536681145754,True,True,False
100000000.0,30.0,6.0,10000.0,66854.67312127195,10000000.0,827.6325400220003,0.41676784909738507,0.30286851168909584,0.7267079558680769,True,True,False
100000000.0,30.0,4.0,10000.0,66854.67312127195,100000.0,1435.0212728463393,0.08020390877983935,0.01404466250025727,0.17511194546403008,True,True,False
100000000.0,30.0,4.0,10000.0,66854.67312127195,1000000.0,1435.0212728463393,0.1604078175596787,0.09436035207428754,0.5882528265131554,True,True,False
100000000.0,30.0,4.0,10000.0,66854.67312127195,10000000.0,1435.0212728463393,0.24061172633951802,0.17467604164831785,0.7259664535295306,True,True,False
1000000000.0,10.0,8.0,100000.0,176307.4293193492,100000.0,163.70434261312272,0.0,0.0,0.0,True,True,False
1000000000.0,10.0,8.0,100000.0,176307.4293193492,1000000.0,163.70434261312272,0.6955443729748637,0.5306571002981889,0.762937809457868,True,True,False
1000000000.0,10.0,8.0,100000.0,176307.4293193492,10000000.0,163.70434261312272,1.3910887459497274,1.2346990410451992,0.887577478173215,False,False,False
1000000000.0,10.0,6.0,100000.0,176307.4293193492,100000.0,455.26217060290134,0.0,0.0,0.0,True,True,False
1000000000.0,10.0,6.0,100000.0,176307.4293193492,1000000.0,455.26217060290134,0.2520539211238331,0.19081504541055608,0.7570405751268173,True,True,False
1000000000.0,10.0,6.0,100000.0,176307.4293193492,10000000.0,455.26217060290134,0.5041078422476662,0.4439762578377279,0.8807168241187647,True,True,False
1000000000.0,10.0,4.0,100000.0,176307.4293193492,100000.0,1062.6509034272406,0.0,0.0,0.0,True,True,False
1000000000.0,10.0,4.0,100000.0,176307.4293193492,1000000.0,1062.6509034272406,0.10825588247850772,0.08174920990244937,0.7551479700761686,True,True,False
1000000000.0,10.0,4.0,100000.0,176307.4293193492,10000000.0,1062.6509034272406,0.21651176495701543,0.19020883922223744,0.8785150278554148,True,True,False
1000000000.0,15.0,11.0,100000.0,237122.87410064126,100000.0,143.2259067744149,0.0,0.0,0.0,True,True,False
1000000000.0,15.0,11.0,100000.0,237122.87410064126,1000000.0,143.2259067744149,0.7936237110991918,0.5029625123528592,0.6337543918089865,True,True,False
1000000000.0,15.0,11.0,100000.0,237122.87410064126,10000000.0,143.2259067744149,1.5872474221983837,1.3076683485922909,0.8238591729959355,False,False,False
1000000000.0,15.0,8.0,100000.0,237122.87410064126,100000.0,366.6829499150117,0.0,0.0,0.0,True,True,False
1000000000.0,15.0,8.0,100000.0,237122.87410064126,1000000.0,366.6829499150117,0.31261202371475216,0.19645653533106083,0.6284356340379305,True,True,False
1000000000.0,15.0,8.0,100000.0,237122.87410064126,10000000.0,366.6829499150117,0.6252240474295043,0.5107736398181107,0.816944968636546,True,True,False
1000000000.0,15.0,6.0,100000.0,237122.87410064126,100000.0,658.2407779047903,0.0,0.0,0.0,True,True,False
1000000000.0,15.0,6.0,100000.0,237122.87410064126,1000000.0,658.2407779047903,0.17456468448950707,0.1094390750669898,0.6269256315332674,True,True,False
1000000000.0,15.0,6.0,100000.0,237122.87410064126,10000000.0,658.2407779047903,0.34912936897901414,0.2845341572175022,0.8149820166936609,True,True,False
1000000000.0,15.0,4.0,100000.0,237122.87410064126,100000.0,1265.6295107291294,0.0,0.0,0.0,True,True,False
1000000000.0,15.0,4.0,100000.0,237122.87410064126,1000000.0,1265.6295107291294,0.09092145781282965,0.056918127536213524,0.6260142424617171,True,True,False
1000000000.0,15.0,4.0,100000.0,237122.87410064126,10000000.0,1265.6295107291294,0.1818429156256593,0.14798326319005756,0.8137972418716327,True,True,False
1000000000.0,20.0,11.0,100000.0,321170.5268616858,100000.0,233.39665493078812,0.0,0.0,0.0,True,True,False
1000000000.0,20.0,11.0,100000.0,321170.5268616858,1000000.0,233.39665493078812,0.4896192051494695,0.24358122076021962,0.4974911486281668,True,True,False
1000000000.0,20.0,11.0,100000.0,321170.5268616858,10000000.0,233.39665493078812,0.979238410298939,0.7373960233598296,0.7530301258655893,True,True,False
1000000000.0,20.0,8.0,100000.0,321170.5268616858,100000.0,456.8536980713849,0.0,0.0,0.0,True,True,False
1000000000.0,20.0,8.0,100000.0,321170.5268616858,1000000.0,456.8536980713849,0.25117967571468935,0.12444036760431332,0.4954237131258302,True,True,False
1000000000.0,20.0,8.0,100000.0,321170.5268616858,10000000.0,456.8536980713849,0.5023593514293787,0.37671964994044427,0.7499007411100284,True,True,False
1000000000.0,20.0,6.0,100000.0,321170.5268616858,100000.0,748.4115260611635,0.0,0.0,0.0,True,True,False
1000000000.0,20.0,6.0,100000.0,321170.5268616858,1000000.0,748.4115260611635,0.1535886897780171,0.07596227496467897,0.49458247918168863,True,True,False
1000000000.0,20.0,6.0,100000.0,321170.5268616858,10000000.0,748.4115260611635,0.3071773795560342,0.2299614038779305,0.7486274028715768,True,True,False
1000000000.0,20.0,4.0,100000.0,321170.5268616858,100000.0,1355.8002588855027,0.0,0.0,0.0,True,True,False
1000000000.0,20.0,4.0,100000.0,321170.5268616858,1000000.0,1355.8002588855027,0.08488341516200532,0.04193172390756578,0.493991951520052,True,True,False
1000000000.0,20.0,4.0,100000.0,321170.5268616858,10000000.0,1355.8002588855027,0.16976683032401063,0.1269403542915121,0.7477335475324507,True,True,False
1000000000.0,25.0,11.0,100000.0,429540.2320599769,100000.0,282.47645798720197,0.0,0.0,0.0,True,True,False
1000000000.0,25.0,11.0,100000.0,429540.2320599769,1000000.0,282.47645798720197,0.40514678753220945,0.14974005351819653,0.36959457195817474,True,True,False
1000000000.0,25.0,11.0,100000.0,429540.2320599769,10000000.0,282.47645798720197,0.8102935750644189,0.5577553759394307,0.6883374040021096,True,True,False
1000000000.0,25.0,8.0,100000.0,429540.2320599769,100000.0,505.93350112779876,0.0,0.0,0.0,True,True,False
1000000000.0,25.0,8.0,100000.0,429540.2320599769,1000000.0,505.93350112779876,0.2269090792911841,0.08360395159115927,0.3684469209091161,True,True,False
1000000000.0,25.0,8.0,100000.0,429540.2320599769,10000000.0,505.93350112779876,0.4538181585823682,0.3114100225968092,0.6862000047983716,True,True,False
1000000000.0,25.0,6.0,100000.0,429540.2320599769,100000.0,797.4913291175774,0.0,0.0,0.0,True,True,False
1000000000.0,25.0,6.0,100000.0,429540.2320599769,1000000.0,797.4913291175774,0.14416006638779502,0.05303887126075328,0.3679165291036776,True,True,False
1000000000.0,25.0,6.0,100000.0,429540.2320599769,10000000.0,797.4913291175774,0.28832013277559004,0.19756047152640827,0.6852121966806137,True,True,False
1000000000.0,25.0,4.0,100000.0,429540.2320599769,100000.0,1404.8800619419167,0.0,0.0,0.0,True,True,False
1000000000.0,25.0,4.0,100000.0,429540.2320599769,1000000.0,1404.8800619419167,0.08192220943338292,0.030107936671951274,0.3675186116218495,True,True,False
1000000000.0,25.0,4.0,100000.0,429540.2320599769,10000000.0,1404.8800619419167,0.16384441886676585,0.1121467713058088,0.6844711103464789,True,True,False
1000000000.0,30.0,11.0,100000.0,564234.0165658195,100000.0,312.6176688916249,0.0,0.0,0.0,True,True,False
1000000000.0,30.0,11.0,100000.0,564234.0165658195,1000000.0,312.6176688916249,0.3663326458685249,0.09163107653351805,0.2501307966050179,True,True,False
1000000000.0,30.0,11.0,100000.0,564234.0165658195,10000000.0,312.6176688916249,0.7326652917370498,0.46030736885790274,0.6282641938265925,True,True,False
1000000000.0,30.0,8.0,100000.0,564234.0165658195,100000.0,536.0747120322217,0.0,0.0,0.0,True,True,False
1000000000.0,30.0,8.0,100000.0,564234.0165658195,1000000.0,536.0747120322217,0.2141983641021855,0.053435636677106865,0.24946799617766852,True,True,False
1000000000.0,30.0,8.0,100000.0,564234.0165658195,10000000.0,536.0747120322217,0.428396728204371,0.2684331370164417,0.6265994097144061,True,True,False
1000000000.0,30.0,6.0,100000.0,564234.0165658195,100000.0,827.6325400220003,0.0,0.0,0.0,True,True,False
1000000000.0,30.0,6.0,100000.0,564234.0165658195,1000000.0,827.6325400220003,0.13892261636579503,0.03461136695178397,0.24914134110927844,True,True,False
1000000000.0,30.0,6.0,100000.0,564234.0165658195,10000000.0,827.6325400220003,0.27784523273159006,0.17386969417873505,0.6257789362421788,True,True,False
1000000000.0,30.0,4.0,100000.0,564234.0165658195,100000.0,1435.0212728463393,0.0,0.0,0.0,True,True,False
1000000000.0,30.0,4.0,100000.0,564234.0165658195,1000000.0,1435.0212728463393,0.08020390877983935,0.019961720488728824,0.24888712772745247,True,True,False
1000000000.0,30.0,4.0,100000.0,564234.0165658195,10000000.0,1435.0212728463393,0.1604078175596787,0.1002774100627591,0.6251404176448665,True,True,False
