task_id,boundary_protocol,halo_mass_msun,halo_redshift,halo_concentration,halo_scale_radius_pc,halo_scale_density_msun_pc3,final_black_hole_mass_msun,dark_matter_accreted_msun,baryon_accreted_onto_bh_msun,dark_fraction_of_growth,dark_accreted_halo_fraction,mass_budget_residual_code,r_min_pc,r_min_over_rs,r_min_over_influence_radius,cells,steps
0,scaled_rmin,1000000.0,10.0,4.0,70.62508057738597,0.27908064948095657,406.0618526402002,297.73256561021003,8.32928702999428,0.9727856086665532,0.00029773256561021,1.1013412404281553e-13,0.011770846762897661,0.00016666666666666666,0.41666666666666663,256,223514
1,scaled_rmin,1000000.0,15.0,4.0,48.57257725723945,0.8578930525805544,713.4184056857372,601.447917295206,11.970488390511715,0.9804856061057552,0.000601447917295206,2.184918912462308e-13,0.008095429542873242,0.00016666666666666666,0.41666666666666663,256,454882
2,scaled_rmin,1000000.0,20.0,4.0,37.01132930074154,1.9391104348624437,1050.6022033901838,934.8598168347303,15.74238655545738,0.9834395644157876,0.0009348598168347303,8.260059303211165e-14,0.006168554883456923,0.00016666666666666666,0.41666666666666663,256,763859
3,scaled_rmin,1000000.0,25.0,4.0,29.89487273483564,3.67973435232109,1416.8050569783422,1297.011772125178,19.793284853257546,0.9849687053157407,0.0012970117721251779,2.5845992013273644e-13,0.004982478789139273,0.00016666666666666666,0.41666666666666663,256,1152429
4,scaled_rmin,1000000.0,30.0,4.0,25.073543019672805,6.236766360950959,1820.848112096927,1696.5246087689077,24.32350332800197,0.9858653979063963,0.0016965246087689077,5.666578317686799e-13,0.004178923836612134,0.00016666666666666666,0.41666666666666663,256,1627595
5,scaled_rmin,10000000.0,10.0,4.0,152.15712358221734,0.2790806494809567,491.6784204872515,381.3336028913482,10.344817595896531,0.9735884923580057,3.813336028913482e-05,2.398081733190338e-14,0.025359520597036223,0.00016666666666666666,4.166666666666666,256,129173
6,scaled_rmin,10000000.0,15.0,4.0,104.6464454272504,0.8578930525805546,923.2857120268154,807.532925854493,15.752786172334085,0.9808659546227989,8.07532925854493e-05,1.509903313490213e-14,0.017441074237875064,0.00016666666666666663,4.166666666666665,256,247683
7,scaled_rmin,10000000.0,20.0,4.0,79.73849176971106,1.9391104348624442,1582.3834085186852,1458.7783691104853,23.60503940821001,0.9840762927643747,0.00014587783691104853,8.970602038971265e-14,0.013289748628285176,0.00016666666666666666,4.166666666666666,256,408673
8,scaled_rmin,10000000.0,25.0,4.0,64.40655087401824,3.6797343523210895,2569.847941183476,2435.021579742484,34.82636144110903,0.9858993904603276,0.0002435021579742484,1.163513729807164e-13,0.010734425145669706,0.00016666666666666666,4.166666666666666,256,621119
9,scaled_rmin,10000000.0,30.0,4.0,54.01931088358988,6.23676636095096,3972.124697987599,3821.9459564281615,50.17874155948638,0.9870410316110129,0.00038219459564281614,2.3003821070233244e-13,0.009003218480598313,0.00016666666666666666,4.166666666666666,256,894441
10,scaled_rmin,100000000.0,10.0,4.0,327.81258538099746,0.2790806494809567,1593.4723291845435,1462.1279636155757,31.344365568971423,0.979012422957925,1.4621279636155758e-05,2.842170943040401e-14,0.054635430896832905,0.00016666666666666666,41.666666666666664,256,117903
11,scaled_rmin,100000000.0,15.0,4.0,225.45393221699663,0.8578930525805546,3594.8560433063585,3433.0107851149887,61.8452581913553,0.9823039182658694,3.4330107851149884e-05,1.9539925233402755e-14,0.03757565536949944,0.00016666666666666666,41.666666666666664,256,219818
12,scaled_rmin,100000000.0,20.0,4.0,171.79137279948736,1.9391104348624444,7251.39986606076,7038.23743154615,113.16243451459466,0.9841761841549851,7.03823743154615e-05,2.3092638912203256e-14,0.028631895466581226,0.00016666666666666666,41.66666666666667,256,358316
13,scaled_rmin,100000000.0,25.0,4.0,138.7597074682882,3.6797343523210904,13035.138982175496,12746.20977364851,188.92920852617607,0.9853941106634162,0.0001274620977364851,8.704148513061227e-14,0.02312661791138137,0.00016666666666666666,41.666666666666664,256,541287
14,scaled_rmin,100000000.0,30.0,4.0,116.38107729922292,6.236766360950961,21425.732706910665,21032.64243541302,293.09027149746396,0.986256496997045,0.00021032642435413022,6.394884621840902e-14,0.01939684621653715,0.00016666666666666663,41.666666666666664,256,775339
15,scaled_rmin,1000000000.0,10.0,4.0,706.2508057738596,0.27908064948095673,14359.335779835761,13969.232517358205,290.1032624778421,0.9796552050560592,1.3969232517358204e-05,2.930988785010413e-14,0.1177084676289766,0.00016666666666666666,416.6666666666667,256,114953
16,scaled_rmin,1000000000.0,15.0,4.0,485.7257725723944,0.857893052580555,35419.2616455835,34674.92346894194,644.3381766414809,0.9817567483967453,3.467492346894194e-05,5.1514348342607263e-14,0.0809542954287324,0.00016666666666666666,416.6666666666667,256,217003
17,scaled_rmin,1000000000.0,20.0,4.0,370.11329300741534,1.9391104348624442,70403.71353290424,69121.45689220347,1182.256640699721,0.983183581900728,6.912145689220346e-05,3.197442310920451e-14,0.06168554883456922,0.00016666666666666666,416.6666666666667,256,357396
18,scaled_rmin,1000000000.0,25.0,4.0,298.9487273483564,3.67973435232109,122362.71817664606,120335.86396716743,1926.8542094734698,0.9842400509475449,0.00012033586396716743,8.171241461241152e-14,0.049824787891392726,0.00016666666666666666,416.66666666666663,256,540606
19,scaled_rmin,1000000000.0,30.0,4.0,250.73543019672803,6.236766360950961,193558.05501632544,190563.36639774445,2894.6886185757457,0.9850371253947698,0.00019056336639774446,9.50350909079134e-14,0.041789238366121334,0.00016666666666666666,416.66666666666663,256,770865
0,fixed_rmin,1000000.0,10.0,4.0,70.62508057738597,0.27908064948095657,291.3029462805143,184.43047310091225,6.872473179620412,0.9640754451866901,0.00018443047310091225,1.4477308241112041e-13,0.005,7.07963794040752e-05,0.176990948510188,272,706336
1,fixed_rmin,1000000.0,15.0,4.0,48.57257725723945,0.8578930525805544,547.9091241706983,437.9393500838434,9.9697740868548,0.9777415249012533,0.0004379393500838434,1.4832579608992091e-13,0.005,0.00010293874202968671,0.2573468550742168,265,841829
2,fixed_rmin,1000000.0,20.0,4.0,37.01132930074154,1.9391104348624437,924.2422736869745,810.0229886547206,14.21928503224801,0.9827486583906349,0.0008100229886547206,2.2737367544323206e-13,0.005,0.0001350937697852377,0.33773442446309426,260,989602
3,fixed_rmin,1000000.0,25.0,4.0,29.89487273483564,3.67973435232109,1419.9143184766517,1300.0826236653363,19.831694811296757,0.9849750135037525,0.0013000826236653363,4.82280881897168e-13,0.005,0.00016725276084462613,0.4181319021115653,256,1147891
4,fixed_rmin,1000000.0,30.0,4.0,25.073543019672805,6.236766360950959,2029.906034529146,1902.8902560509512,27.015778478191148,0.9860015057754944,0.0019028902560509512,7.922551503725117e-13,0.005,0.00019941338151042236,0.49853345377605585,253,1318211
5,fixed_rmin,10000000.0,10.0,4.0,152.15712358221734,0.2790806494809567,170.8775975972294,65.34947026663559,5.5281273306025005,0.9220045893484136,6.534947026663559e-06,2.575717417130363e-13,0.005,3.2860768410216926e-05,0.8215192102554231,286,751416
6,fixed_rmin,10000000.0,15.0,4.0,104.6464454272504,0.8578930525805546,253.10961711979348,146.29521741502862,6.814399704774102,0.9554933267226887,1.4629521741502861e-05,2.2737367544323206e-13,0.005,4.777993155511404e-05,1.1944982888778506,279,894500
7,fixed_rmin,10000000.0,20.0,4.0,79.73849176971106,1.9391104348624442,434.2837682303344,324.93814252093915,9.345625709390882,0.972042837261079,3.2493814252093914e-05,7.460698725481052e-14,0.005,6.270497333258149e-05,1.567624333314537,274,1058840
8,fixed_rmin,10000000.0,25.0,4.0,64.40655087401824,3.6797343523210895,822.1956549214513,707.9816011327044,14.214053788713658,0.9803182784445127,7.079816011327044e-05,1.199040866595169e-13,0.005,7.763185471273253e-05,1.940796367818313,270,1258771
9,fixed_rmin,10000000.0,30.0,4.0,54.01931088358988,6.23676636095096,1597.604317363831,1474.531941129612,23.072376234089422,0.9845938102830578,0.00014745319411296122,1.9806378759312793e-13,0.005,9.255949248917414e-05,2.313987312229353,267,1507125
10,fixed_rmin,100000000.0,10.0,4.0,327.81258538099746,0.2790806494809567,130.56462590388338,25.719309925081813,4.845315978790486,0.8414730808733389,2.571930992508181e-07,8.251177519014163e-13,0.005,1.5252617571679841e-05,3.8131543929199605,300,1251279
11,fixed_rmin,100000000.0,15.0,4.0,225.45393221699663,0.8578930525805546,168.7952225071307,63.071369253639716,5.723853253486926,0.9167986810000115,6.307136925363971e-07,5.631051180898794e-13,0.005,2.2177479677700017e-05,5.544369919425004,293,1495745
12,fixed_rmin,100000000.0,20.0,4.0,171.79137279948736,1.9391104348624444,270.2079759561096,162.41361335422118,7.794362601901654,0.9542068310365298,1.6241361335422118e-06,1.0809131367750524e-12,0.005,2.9105070403249728e-05,7.2762676008124325,288,1718557
13,fixed_rmin,100000000.0,25.0,4.0,138.7597074682882,3.6797343523210904,527.0261454679459,414.68983944143486,12.33630602655055,0.9711111224513137,4.146898394414348e-06,5.81756864903582e-13,0.005,3.6033514996726896e-05,9.008378749181723,284,1956105
14,fixed_rmin,100000000.0,30.0,4.0,116.38107729922292,6.236766360950961,1145.6886378487047,1023.86842690111,21.820210947637385,0.979133166262105,1.02386842690111e-05,6.616929226765933e-13,0.005,4.2962310678261654e-05,10.740577669565415,281,2248030
15,fixed_rmin,1000000000.0,10.0,4.0,706.2508057738596,0.27908064948095673,127.28058834161976,22.4634416183812,4.817146723250922,0.8234221834618781,2.24634416183812e-08,9.734435479913373e-13,0.005,7.079637940407522e-06,17.699094851018806,315,2358369
16,fixed_rmin,1000000000.0,15.0,4.0,485.7257725723944,0.857893052580555,175.67013515345946,69.55699612651347,6.113139026952629,0.919213319567244,6.955699612651347e-08,2.5126567493316543e-12,0.005,1.0293874202968675e-05,25.734685507421688,308,2747415
17,fixed_rmin,1000000000.0,20.0,4.0,370.11329300741534,1.9391104348624442,315.3648687883832,205.9450333627338,9.419835425653496,0.9562610397942605,2.0594503336273378e-07,2.327027459614328e-12,0.005,1.3509376978523771e-05,33.77344244630943,303,3098568
18,fixed_rmin,1000000000.0,25.0,4.0,298.9487273483564,3.67973435232109,700.510382907263,583.1161345247291,17.394248382494034,0.9710342254228432,5.831161345247291e-07,1.91491267287347e-12,0.005,1.6725276084462617e-05,41.81319021115654,299,3464775
19,fixed_rmin,1000000000.0,30.0,4.0,250.73543019672803,6.236766360950961,1714.595412286094,1578.9590606895079,35.63635159668572,0.9779286183241851,1.5789590606895079e-06,1.5223378113660146e-12,0.005,1.9941338151042236e-05,49.85334537760559,295,3893171
