formation_redshift,observation_redshift,available_time_myr,seed_mass_msun,target_mass_msun,required_eddington_activity,sub_eddington_feasible
30.0,11.0,314.6176688916249,1.0,100000.0,1.8316632293426243,False
30.0,11.0,314.6176688916249,1.0,1000000.0,2.197995875211149,False
30.0,11.0,314.6176688916249,1.0,10000000.0,2.5643285210796742,False
30.0,11.0,314.6176688916249,10.0,100000.0,1.4653305834740995,False
30.0,11.0,314.6176688916249,10.0,1000000.0,1.8316632293426243,False
30.0,11.0,314.6176688916249,10.0,10000000.0,2.197995875211149,False
30.0,11.0,314.6176688916249,100.0,100000.0,1.0989979376055745,False
30.0,11.0,314.6176688916249,100.0,1000000.0,1.4653305834740995,False
30.0,11.0,314.6176688916249,100.0,10000000.0,1.8316632293426243,False
30.0,11.0,314.6176688916249,1000.0,100000.0,0.7326652917370498,True
30.0,11.0,314.6176688916249,1000.0,1000000.0,1.0989979376055745,False
30.0,11.0,314.6176688916249,1000.0,10000000.0,1.4653305834740995,False
30.0,11.0,314.6176688916249,100000.0,100000.0,0.0,True
30.0,11.0,314.6176688916249,100000.0,1000000.0,0.3663326458685249,True
30.0,11.0,314.6176688916249,100000.0,10000000.0,0.7326652917370498,True
30.0,8.0,538.0747120322217,1.0,100000.0,1.0709918205109275,False
30.0,8.0,538.0747120322217,1.0,1000000.0,1.2851901846131129,False
30.0,8.0,538.0747120322217,1.0,10000000.0,1.4993885487152985,False
30.0,8.0,538.0747120322217,10.0,100000.0,0.856793456408742,True
30.0,8.0,538.0747120322217,10.0,1000000.0,1.0709918205109275,False
30.0,8.0,538.0747120322217,10.0,10000000.0,1.2851901846131129,False
30.0,8.0,538.0747120322217,100.0,100000.0,0.6425950923065564,True
30.0,8.0,538.0747120322217,100.0,1000000.0,0.856793456408742,True
30.0,8.0,538.0747120322217,100.0,10000000.0,1.0709918205109275,False
30.0,8.0,538.0747120322217,1000.0,100000.0,0.428396728204371,True
30.0,8.0,538.0747120322217,1000.0,1000000.0,0.6425950923065564,True
30.0,8.0,538.0747120322217,1000.0,10000000.0,0.856793456408742,True
30.0,8.0,538.0747120322217,100000.0,100000.0,0.0,True
30.0,8.0,538.0747120322217,100000.0,1000000.0,0.2141983641021855,True
30.0,8.0,538.0747120322217,100000.0,10000000.0,0.428396728204371,True
30.0,6.0,829.6325400220003,1.0,100000.0,0.6946130818289751,True
30.0,6.0,829.6325400220003,1.0,1000000.0,0.8335356981947701,True
30.0,6.0,829.6325400220003,1.0,10000000.0,0.9724583145605651,True
30.0,6.0,829.6325400220003,10.0,100000.0,0.5556904654631801,True
30.0,6.0,829.6325400220003,10.0,1000000.0,0.6946130818289751,True
30.0,6.0,829.6325400220003,10.0,10000000.0,0.8335356981947701,True
30.0,6.0,829.6325400220003,100.0,100000.0,0.41676784909738507,True
30.0,6.0,829.6325400220003,100.0,1000000.0,0.5556904654631801,True
30.0,6.0,829.6325400220003,100.0,10000000.0,0.6946130818289751,True
30.0,6.0,829.6325400220003,1000.0,100000.0,0.27784523273159006,True
30.0,6.0,829.6325400220003,1000.0,1000000.0,0.41676784909738507,True
30.0,6.0,829.6325400220003,1000.0,10000000.0,0.5556904654631801,True
30.0,6.0,829.6325400220003,100000.0,100000.0,0.0,True
30.0,6.0,829.6325400220003,100000.0,1000000.0,0.13892261636579503,True
30.0,6.0,829.6325400220003,100000.0,10000000.0,0.27784523273159006,True
30.0,4.0,1437.0212728463393,1.0,100000.0,0.4010195438991967,True
30.0,4.0,1437.0212728463393,1.0,1000000.0,0.48122345267903605,True
30.0,4.0,1437.0212728463393,1.0,10000000.0,0.5614273614588754,True
30.0,4.0,1437.0212728463393,10.0,100000.0,0.3208156351193574,True
30.0,4.0,1437.0212728463393,10.0,1000000.0,0.4010195438991967,True
30.0,4.0,1437.0212728463393,10.0,10000000.0,0.48122345267903605,True
30.0,4.0,1437.0212728463393,100.0,100000.0,0.24061172633951802,True
30.0,4.0,1437.0212728463393,100.0,1000000.0,0.3208156351193574,True
30.0,4.0,1437.0212728463393,100.0,10000000.0,0.4010195438991967,True
30.0,4.0,1437.0212728463393,1000.0,100000.0,0.1604078175596787,True
30.0,4.0,1437.0212728463393,1000.0,1000000.0,0.24061172633951802,True
30.0,4.0,1437.0212728463393,1000.0,10000000.0,0.3208156351193574,True
30.0,4.0,1437.0212728463393,100000.0,100000.0,0.0,True
30.0,4.0,1437.0212728463393,100000.0,1000000.0,0.08020390877983935,True
30.0,4.0,1437.0212728463393,100000.0,10000000.0,0.1604078175596787,True
25.0,11.0,284.47645798720197,1.0,100000.0,2.0257339376610473,False
25.0,11.0,284.47645798720197,1.0,1000000.0,2.4308807251932567,False
25.0,11.0,284.47645798720197,1.0,10000000.0,2.836027512725466,False
25.0,11.0,284.47645798720197,10.0,100000.0,1.6205871501288378,False
25.0,11.0,284.47645798720197,10.0,1000000.0,2.0257339376610473,False
25.0,11.0,284.47645798720197,10.0,10000000.0,2.4308807251932567,False
25.0,11.0,284.47645798720197,100.0,100000.0,1.2154403625966284,False
25.0,11.0,284.47645798720197,100.0,1000000.0,1.6205871501288378,False
25.0,11.0,284.47645798720197,100.0,10000000.0,2.0257339376610473,False
25.0,11.0,284.47645798720197,1000.0,100000.0,0.8102935750644189,True
25.0,11.0,284.47645798720197,1000.0,1000000.0,1.2154403625966284,False
25.0,11.0,284.47645798720197,1000.0,10000000.0,1.6205871501288378,False
25.0,11.0,284.47645798720197,100000.0,100000.0,0.0,True
25.0,11.0,284.47645798720197,100000.0,1000000.0,0.40514678753220945,True
25.0,11.0,284.47645798720197,100000.0,10000000.0,0.8102935750644189,True
25.0,8.0,507.93350112779876,1.0,100000.0,1.1345453964559202,False
25.0,8.0,507.93350112779876,1.0,1000000.0,1.3614544757471045,False
25.0,8.0,507.93350112779876,1.0,10000000.0,1.5883635550382886,False
25.0,8.0,507.93350112779876,10.0,100000.0,0.9076363171647364,True
25.0,8.0,507.93350112779876,10.0,1000000.0,1.1345453964559202,False
25.0,8.0,507.93350112779876,10.0,10000000.0,1.3614544757471045,False
25.0,8.0,507.93350112779876,100.0,100000.0,0.6807272378735523,True
25.0,8.0,507.93350112779876,100.0,1000000.0,0.9076363171647364,True
25.0,8.0,507.93350112779876,100.0,10000000.0,1.1345453964559202,False
25.0,8.0,507.93350112779876,1000.0,100000.0,0.4538181585823682,True
25.0,8.0,507.93350112779876,1000.0,1000000.0,0.6807272378735523,True
25.0,8.0,507.93350112779876,1000.0,10000000.0,0.9076363171647364,True
25.0,8.0,507.93350112779876,100000.0,100000.0,0.0,True
25.0,8.0,507.93350112779876,100000.0,1000000.0,0.2269090792911841,True
25.0,8.0,507.93350112779876,100000.0,10000000.0,0.4538181585823682,True
25.0,6.0,799.4913291175774,1.0,100000.0,0.7208003319389751,True
25.0,6.0,799.4913291175774,1.0,1000000.0,0.8649603983267701,True
25.0,6.0,799.4913291175774,1.0,10000000.0,1.009120464714565,False
25.0,6.0,799.4913291175774,10.0,100000.0,0.5766402655511801,True
25.0,6.0,799.4913291175774,10.0,1000000.0,0.7208003319389751,True
25.0,6.0,799.4913291175774,10.0,10000000.0,0.8649603983267701,True
25.0,6.0,799.4913291175774,100.0,100000.0,0.43248019916338504,True
25.0,6.0,799.4913291175774,100.0,1000000.0,0.5766402655511801,True
25.0,6.0,799.4913291175774,100.0,10000000.0,0.7208003319389751,True
25.0,6.0,799.4913291175774,1000.0,100000.0,0.28832013277559004,True
25.0,6.0,799.4913291175774,1000.0,1000000.0,0.43248019916338504,True
25.0,6.0,799.4913291175774,1000.0,10000000.0,0.5766402655511801,True
25.0,6.0,799.4913291175774,100000.0,100000.0,0.0,True
25.0,6.0,799.4913291175774,100000.0,1000000.0,0.14416006638779502,True
25.0,6.0,799.4913291175774,100000.0,10000000.0,0.28832013277559004,True
25.0,4.0,1406.8800619419167,1.0,100000.0,0.40961104716691454,True
25.0,4.0,1406.8800619419167,1.0,1000000.0,0.4915332566002975,True
25.0,4.0,1406.8800619419167,1.0,10000000.0,0.5734554660336804,True
25.0,4.0,1406.8800619419167,10.0,100000.0,0.3276888377335317,True
25.0,4.0,1406.8800619419167,10.0,1000000.0,0.40961104716691454,True
25.0,4.0,1406.8800619419167,10.0,10000000.0,0.4915332566002975,True
25.0,4.0,1406.8800619419167,100.0,100000.0,0.24576662830014875,True
25.0,4.0,1406.8800619419167,100.0,1000000.0,0.3276888377335317,True
25.0,4.0,1406.8800619419167,100.0,10000000.0,0.40961104716691454,True
25.0,4.0,1406.8800619419167,1000.0,100000.0,0.16384441886676585,True
25.0,4.0,1406.8800619419167,1000.0,1000000.0,0.24576662830014875,True
25.0,4.0,1406.8800619419167,1000.0,10000000.0,0.3276888377335317,True
25.0,4.0,1406.8800619419167,100000.0,100000.0,0.0,True
25.0,4.0,1406.8800619419167,100000.0,1000000.0,0.08192220943338292,True
25.0,4.0,1406.8800619419167,100000.0,10000000.0,0.16384441886676585,True
20.0,11.0,235.39665493078812,1.0,100000.0,2.4480960257473474,False
20.0,11.0,235.39665493078812,1.0,1000000.0,2.937715230896817,False
20.0,11.0,235.39665493078812,1.0,10000000.0,3.4273344360462863,False
20.0,11.0,235.39665493078812,10.0,100000.0,1.958476820597878,False
20.0,11.0,235.39665493078812,10.0,1000000.0,2.4480960257473474,False
20.0,11.0,235.39665493078812,10.0,10000000.0,2.937715230896817,False
20.0,11.0,235.39665493078812,100.0,100000.0,1.4688576154484085,False
20.0,11.0,235.39665493078812,100.0,1000000.0,1.958476820597878,False
20.0,11.0,235.39665493078812,100.0,10000000.0,2.4480960257473474,False
20.0,11.0,235.39665493078812,1000.0,100000.0,0.979238410298939,True
20.0,11.0,235.39665493078812,1000.0,1000000.0,1.4688576154484085,False
20.0,11.0,235.39665493078812,1000.0,10000000.0,1.958476820597878,False
20.0,11.0,235.39665493078812,100000.0,100000.0,0.0,True
20.0,11.0,235.39665493078812,100000.0,1000000.0,0.4896192051494695,True
20.0,11.0,235.39665493078812,100000.0,10000000.0,0.979238410298939,True
20.0,8.0,458.8536980713849,1.0,100000.0,1.2558983785734465,False
20.0,8.0,458.8536980713849,1.0,1000000.0,1.507078054288136,False
20.0,8.0,458.8536980713849,1.0,10000000.0,1.7582577300028253,False
20.0,8.0,458.8536980713849,10.0,100000.0,1.0047187028587574,False
20.0,8.0,458.8536980713849,10.0,1000000.0,1.2558983785734465,False
20.0,8.0,458.8536980713849,10.0,10000000.0,1.507078054288136,False
20.0,8.0,458.8536980713849,100.0,100000.0,0.753539027144068,True
20.0,8.0,458.8536980713849,100.0,1000000.0,1.0047187028587574,False
20.0,8.0,458.8536980713849,100.0,10000000.0,1.2558983785734465,False
20.0,8.0,458.8536980713849,1000.0,100000.0,0.5023593514293787,True
20.0,8.0,458.8536980713849,1000.0,1000000.0,0.753539027144068,True
20.0,8.0,458.8536980713849,1000.0,10000000.0,1.0047187028587574,False
20.0,8.0,458.8536980713849,100000.0,100000.0,0.0,True
20.0,8.0,458.8536980713849,100000.0,1000000.0,0.25117967571468935,True
20.0,8.0,458.8536980713849,100000.0,10000000.0,0.5023593514293787,True
20.0,6.0,750.4115260611635,1.0,100000.0,0.7679434488900854,True
20.0,6.0,750.4115260611635,1.0,1000000.0,0.9215321386681025,True
20.0,6.0,750.4115260611635,1.0,10000000.0,1.0751208284461196,False
20.0,6.0,750.4115260611635,10.0,100000.0,0.6143547591120684,True
20.0,6.0,750.4115260611635,10.0,1000000.0,0.7679434488900854,True
20.0,6.0,750.4115260611635,10.0,10000000.0,0.9215321386681025,True
20.0,6.0,750.4115260611635,100.0,100000.0,0.46076606933405123,True
20.0,6.0,750.4115260611635,100.0,1000000.0,0.6143547591120684,True
20.0,6.0,750.4115260611635,100.0,10000000.0,0.7679434488900854,True
20.0,6.0,750.4115260611635,1000.0,100000.0,0.3071773795560342,True
20.0,6.0,750.4115260611635,1000.0,1000000.0,0.46076606933405123,True
20.0,6.0,750.4115260611635,1000.0,10000000.0,0.6143547591120684,True
20.0,6.0,750.4115260611635,100000.0,100000.0,0.0,True
20.0,6.0,750.4115260611635,100000.0,1000000.0,0.1535886897780171,True
20.0,6.0,750.4115260611635,100000.0,10000000.0,0.3071773795560342,True
20.0,4.0,1357.8002588855027,1.0,100000.0,0.4244170758100266,True
20.0,4.0,1357.8002588855027,1.0,1000000.0,0.5093004909720319,True
20.0,4.0,1357.8002588855027,1.0,10000000.0,0.5941839061340373,True
20.0,4.0,1357.8002588855027,10.0,100000.0,0.33953366064802126,True
20.0,4.0,1357.8002588855027,10.0,1000000.0,0.4244170758100266,True
20.0,4.0,1357.8002588855027,10.0,10000000.0,0.5093004909720319,True
20.0,4.0,1357.8002588855027,100.0,100000.0,0.25465024548601595,True
20.0,4.0,1357.8002588855027,100.0,1000000.0,0.33953366064802126,True
20.0,4.0,1357.8002588855027,100.0,10000000.0,0.4244170758100266,True
20.0,4.0,1357.8002588855027,1000.0,100000.0,0.16976683032401063,True
20.0,4.0,1357.8002588855027,1000.0,1000000.0,0.25465024548601595,True
20.0,4.0,1357.8002588855027,1000.0,10000000.0,0.33953366064802126,True
20.0,4.0,1357.8002588855027,100000.0,100000.0,0.0,True
20.0,4.0,1357.8002588855027,100000.0,1000000.0,0.08488341516200532,True
20.0,4.0,1357.8002588855027,100000.0,10000000.0,0.16976683032401063,True
15.0,11.0,145.2259067744149,1.0,100000.0,3.968118555495959,False
15.0,11.0,145.2259067744149,1.0,1000000.0,4.761742266595151,False
15.0,11.0,145.2259067744149,1.0,10000000.0,5.555365977694343,False
15.0,11.0,145.2259067744149,10.0,100000.0,3.1744948443967673,False
15.0,11.0,145.2259067744149,10.0,1000000.0,3.968118555495959,False
15.0,11.0,145.2259067744149,10.0,10000000.0,4.761742266595151,False
15.0,11.0,145.2259067744149,100.0,100000.0,2.3808711332975756,False
15.0,11.0,145.2259067744149,100.0,1000000.0,3.1744948443967673,False
15.0,11.0,145.2259067744149,100.0,10000000.0,3.968118555495959,False
15.0,11.0,145.2259067744149,1000.0,100000.0,1.5872474221983837,False
15.0,11.0,145.2259067744149,1000.0,1000000.0,2.3808711332975756,False
15.0,11.0,145.2259067744149,1000.0,10000000.0,3.1744948443967673,False
15.0,11.0,145.2259067744149,100000.0,100000.0,0.0,True
15.0,11.0,145.2259067744149,100000.0,1000000.0,0.7936237110991918,True
15.0,11.0,145.2259067744149,100000.0,10000000.0,1.5872474221983837,False
15.0,8.0,368.6829499150117,1.0,100000.0,1.5630601185737607,False
15.0,8.0,368.6829499150117,1.0,1000000.0,1.875672142288513,False
15.0,8.0,368.6829499150117,1.0,10000000.0,2.1882841660032653,False
15.0,8.0,368.6829499150117,10.0,100000.0,1.2504480948590087,False
15.0,8.0,368.6829499150117,10.0,1000000.0,1.5630601185737607,False
15.0,8.0,368.6829499150117,10.0,10000000.0,1.875672142288513,False
15.0,8.0,368.6829499150117,100.0,100000.0,0.9378360711442565,True
15.0,8.0,368.6829499150117,100.0,1000000.0,1.2504480948590087,False
15.0,8.0,368.6829499150117,100.0,10000000.0,1.5630601185737607,False
15.0,8.0,368.6829499150117,1000.0,100000.0,0.6252240474295043,True
15.0,8.0,368.6829499150117,1000.0,1000000.0,0.9378360711442565,True
15.0,8.0,368.6829499150117,1000.0,10000000.0,1.2504480948590087,False
15.0,8.0,368.6829499150117,100000.0,100000.0,0.0,True
15.0,8.0,368.6829499150117,100000.0,1000000.0,0.31261202371475216,True
15.0,8.0,368.6829499150117,100000.0,10000000.0,0.6252240474295043,True
15.0,6.0,660.2407779047903,1.0,100000.0,0.8728234224475353,True
15.0,6.0,660.2407779047903,1.0,1000000.0,1.0473881069370423,False
15.0,6.0,660.2407779047903,1.0,10000000.0,1.2219527914265493,False
15.0,6.0,660.2407779047903,10.0,100000.0,0.6982587379580283,True
15.0,6.0,660.2407779047903,10.0,1000000.0,0.8728234224475353,True
15.0,6.0,660.2407779047903,10.0,10000000.0,1.0473881069370423,False
15.0,6.0,660.2407779047903,100.0,100000.0,0.5236940534685212,True
15.0,6.0,660.2407779047903,100.0,1000000.0,0.6982587379580283,True
15.0,6.0,660.2407779047903,100.0,10000000.0,0.8728234224475353,True
15.0,6.0,660.2407779047903,1000.0,100000.0,0.34912936897901414,True
15.0,6.0,660.2407779047903,1000.0,1000000.0,0.5236940534685212,True
15.0,6.0,660.2407779047903,1000.0,10000000.0,0.6982587379580283,True
15.0,6.0,660.2407779047903,100000.0,100000.0,0.0,True
15.0,6.0,660.2407779047903,100000.0,1000000.0,0.17456468448950707,True
15.0,6.0,660.2407779047903,100000.0,10000000.0,0.34912936897901414,True
15.0,4.0,1267.6295107291294,1.0,100000.0,0.4546072890641482,True
15.0,4.0,1267.6295107291294,1.0,1000000.0,0.5455287468769779,True
15.0,4.0,1267.6295107291294,1.0,10000000.0,0.6364502046898075,True
15.0,4.0,1267.6295107291294,10.0,100000.0,0.3636858312513186,True
15.0,4.0,1267.6295107291294,10.0,1000000.0,0.4546072890641482,True
15.0,4.0,1267.6295107291294,10.0,10000000.0,0.5455287468769779,True
15.0,4.0,1267.6295107291294,100.0,100000.0,0.27276437343848897,True
15.0,4.0,1267.6295107291294,100.0,1000000.0,0.3636858312513186,True
15.0,4.0,1267.6295107291294,100.0,10000000.0,0.4546072890641482,True
15.0,4.0,1267.6295107291294,1000.0,100000.0,0.1818429156256593,True
15.0,4.0,1267.6295107291294,1000.0,1000000.0,0.27276437343848897,True
15.0,4.0,1267.6295107291294,1000.0,10000000.0,0.3636858312513186,True
15.0,4.0,1267.6295107291294,100000.0,100000.0,0.0,True
15.0,4.0,1267.6295107291294,100000.0,1000000.0,0.09092145781282965,True
15.0,4.0,1267.6295107291294,100000.0,10000000.0,0.1818429156256593,True
10.0,8.0,165.70434261312272,1.0,100000.0,3.4777218648743182,False
10.0,8.0,165.70434261312272,1.0,1000000.0,4.173266237849182,False
10.0,8.0,165.70434261312272,1.0,10000000.0,4.868810610824045,False
10.0,8.0,165.70434261312272,10.0,100000.0,2.782177491899455,False
10.0,8.0,165.70434261312272,10.0,1000000.0,3.4777218648743182,False
10.0,8.0,165.70434261312272,10.0,10000000.0,4.173266237849182,False
10.0,8.0,165.70434261312272,100.0,100000.0,2.086633118924591,False
10.0,8.0,165.70434261312272,100.0,1000000.0,2.782177491899455,False
10.0,8.0,165.70434261312272,100.0,10000000.0,3.4777218648743182,False
10.0,8.0,165.70434261312272,1000.0,100000.0,1.3910887459497274,False
10.0,8.0,165.70434261312272,1000.0,1000000.0,2.086633118924591,False
10.0,8.0,165.70434261312272,1000.0,10000000.0,2.782177491899455,False
10.0,8.0,165.70434261312272,100000.0,100000.0,0.0,True
10.0,8.0,165.70434261312272,100000.0,1000000.0,0.6955443729748637,True
10.0,8.0,165.70434261312272,100000.0,10000000.0,1.3910887459497274,False
10.0,6.0,457.26217060290134,1.0,100000.0,1.2602696056191656,False
10.0,6.0,457.26217060290134,1.0,1000000.0,1.5123235267429989,False
10.0,6.0,457.26217060290134,1.0,10000000.0,1.764377447866832,False
10.0,6.0,457.26217060290134,10.0,100000.0,1.0082156844953325,False
10.0,6.0,457.26217060290134,10.0,1000000.0,1.2602696056191656,False
10.0,6.0,457.26217060290134,10.0,10000000.0,1.5123235267429989,False
10.0,6.0,457.26217060290134,100.0,100000.0,0.7561617633714994,True
10.0,6.0,457.26217060290134,100.0,1000000.0,1.0082156844953325,False
10.0,6.0,457.26217060290134,100.0,10000000.0,1.2602696056191656,False
10.0,6.0,457.26217060290134,1000.0,100000.0,0.5041078422476662,True
10.0,6.0,457.26217060290134,1000.0,1000000.0,0.7561617633714994,True
10.0,6.0,457.26217060290134,1000.0,10000000.0,1.0082156844953325,False
10.0,6.0,457.26217060290134,100000.0,100000.0,0.0,True
10.0,6.0,457.26217060290134,100000.0,1000000.0,0.2520539211238331,True
10.0,6.0,457.26217060290134,100000.0,10000000.0,0.5041078422476662,True
10.0,4.0,1064.6509034272406,1.0,100000.0,0.5412794123925386,True
10.0,4.0,1064.6509034272406,1.0,1000000.0,0.6495352948710463,True
10.0,4.0,1064.6509034272406,1.0,10000000.0,0.757791177349554,True
10.0,4.0,1064.6509034272406,10.0,100000.0,0.43302352991403087,True
10.0,4.0,1064.6509034272406,10.0,1000000.0,0.5412794123925386,True
10.0,4.0,1064.6509034272406,10.0,10000000.0,0.6495352948710463,True
10.0,4.0,1064.6509034272406,100.0,100000.0,0.32476764743552317,True
10.0,4.0,1064.6509034272406,100.0,1000000.0,0.43302352991403087,True
10.0,4.0,1064.6509034272406,100.0,10000000.0,0.5412794123925386,True
10.0,4.0,1064.6509034272406,1000.0,100000.0,0.21651176495701543,True
10.0,4.0,1064.6509034272406,1000.0,1000000.0,0.32476764743552317,True
10.0,4.0,1064.6509034272406,1000.0,10000000.0,0.43302352991403087,True
10.0,4.0,1064.6509034272406,100000.0,100000.0,0.0,True
10.0,4.0,1064.6509034272406,100000.0,1000000.0,0.10825588247850772,True
10.0,4.0,1064.6509034272406,100000.0,10000000.0,0.21651176495701543,True
