task_id,halo_mass_msun,halo_redshift,halo_concentration,sigma_over_m_cm2_g,black_hole_seed_msun,final_black_hole_mass_msun,black_hole_growth_factor,dark_matter_accreted_msun,baryon_accreted_onto_bh_msun,dark_fraction_of_growth,r_min_over_influence_radius,mass_budget_residual_code,steps
0,1000000.0,10.0,3.0,10.0,100.0,287.49568207541824,2.8749568207541825,180.7652337448552,6.73044833056141,0.9641034489111286,0.5555555555555556,1.4210854715202004e-14,132491
1,1000000.0,10.0,3.0,30.0,100.0,313.6888335074191,3.136888335074191,206.53733024790282,7.151503259512567,0.9665330979530665,0.5555555555555556,1.2434497875801753e-14,135876
2,1000000.0,10.0,3.0,50.0,100.0,292.12581148039385,2.9212581148039387,185.18427552770748,6.941535952687504,0.9638698418541501,0.5555555555555556,1.4210854715202004e-14,134789
3,1000000.0,10.0,3.0,100.0,100.0,239.0573380813296,2.390573380813296,132.76821949621498,6.289118585113971,0.954773198797777,0.5555555555555556,1.5987211554602254e-14,131151
4,1000000.0,10.0,5.0,10.0,100.0,858.2395152968822,8.582395152968822,744.4191541340992,13.820361162803065,0.9817730929555,0.33333333333333337,8.615330671091215e-14,377804
5,1000000.0,10.0,5.0,30.0,100.0,696.1592631883267,6.961592631883267,584.4743506466078,11.68491254173638,0.9803996796439485,0.33333333333333337,3.552713678800501e-14,355631
6,1000000.0,10.0,5.0,50.0,100.0,528.5043909887376,5.285043909887375,418.7341512315146,9.770239757221303,0.977199207376431,0.33333333333333337,7.904787935331115e-14,333454
7,1000000.0,10.0,5.0,100.0,100.0,335.9738949749631,3.359738949749631,228.39722443976598,7.576670535195614,0.9678919122134207,0.33333333333333337,6.306066779870889e-14,306553
8,1000000.0,10.0,8.0,10.0,100.0,1792.0176726671825,17.920176726671826,1663.2501185527547,28.767554114537877,0.9829980770419019,0.20833333333333331,1.6431300764452317e-13,1042707
9,1000000.0,10.0,8.0,30.0,100.0,1390.5730415251246,13.905730415251247,1270.786009591479,19.787031933530113,0.984668026297634,0.20833333333333331,2.531308496145357e-13,889953
10,1000000.0,10.0,8.0,50.0,100.0,921.216647237774,9.21216647237774,807.0048921237532,14.21175511400497,0.9826942681181352,0.20833333333333331,2.4513724383723456e-13,785266
11,1000000.0,10.0,8.0,100.0,100.0,491.1620004392908,4.911620004392908,381.569229076133,9.592771363131972,0.9754762186705643,0.20833333333333331,7.016609515630989e-14,684598
12,1000000.0,20.0,3.0,10.0,100.0,1709.6905584222498,17.096905584222498,1584.3551492462252,25.33540917608478,0.9842606959185639,0.5555555555555555,7.283063041541027e-14,595502
13,1000000.0,20.0,3.0,30.0,100.0,1156.2128071843197,11.562128071843198,1039.1961366421237,17.01667054221881,0.9838889753783999,0.5555555555555555,8.526512829121202e-14,507951
14,1000000.0,20.0,3.0,50.0,100.0,764.7404110183959,7.647404110183959,652.1318035934389,12.608607424961209,0.9810322838570318,0.5555555555555555,4.440892098500626e-14,454117
15,1000000.0,20.0,3.0,100.0,100.0,434.9568578495657,4.349568578495657,325.9493030322521,9.0075548173049,0.9731083134850785,0.5555555555555555,1.0125233984581428e-13,404181
16,1000000.0,20.0,5.0,10.0,100.0,3156.470522001011,31.56470522001011,3006.385370187602,50.08515181289144,0.9836134026312744,0.3333333333333333,4.218847493575595e-13,1733608
17,1000000.0,20.0,5.0,30.0,100.0,2238.5517837693205,22.385517837693204,2109.3887855060366,29.162998263223155,0.9863632021985073,0.3333333333333333,7.034373084024992e-13,1357457
18,1000000.0,20.0,5.0,50.0,100.0,1349.4548636517077,13.494548636517077,1230.3962754682805,19.058588183459566,0.9847464772535073,0.3333333333333333,3.6148861681795097e-13,1151155
19,1000000.0,20.0,5.0,100.0,100.0,703.0954767020262,7.030954767020262,590.6575240949659,12.437952607038381,0.979376478372751,0.3333333333333333,1.4210854715202004e-13,987383
20,1000000.0,20.0,8.0,10.0,100.0,4857.626322933139,48.57626322933139,4672.982658908212,84.64366402521605,0.9822088456975027,0.20833333333333331,1.8820500713445654e-12,4483496
21,1000000.0,20.0,8.0,30.0,100.0,3720.2291641815805,37.202291641815805,3572.7318311208746,47.497333060690636,0.986880020322845,0.20833333333333331,7.176481631177012e-13,3362462
22,1000000.0,20.0,8.0,50.0,100.0,2295.4548553355585,22.954548553355586,2165.2188191457362,30.236036189807212,0.9862278943626008,0.20833333333333331,7.576161920042068e-13,2797716
23,1000000.0,20.0,8.0,100.0,100.0,1241.9695200404938,12.419695200404938,1122.610446936085,19.359073104511037,0.9830476446484121,0.20833333333333331,1.5631940186722204e-13,2363895
24,1000000.0,30.0,3.0,10.0,100.0,3567.2416648894273,35.67241664889427,3413.5896744405773,53.651990449040234,0.9845260308815074,0.5555555555555556,6.732392421326949e-13,1483166
25,1000000.0,30.0,3.0,30.0,100.0,2224.016125440209,22.240161254402093,2095.578199553917,28.437925886164265,0.9866112476521813,0.5555555555555556,3.268496584496461e-13,1119705
26,1000000.0,30.0,3.0,50.0,100.0,1304.6695772324483,13.046695772324483,1186.140149214735,18.52942801770748,0.9846186636004521,0.5555555555555556,3.1796787425264483e-13,950208
27,1000000.0,30.0,3.0,100.0,100.0,709.306178604622,7.09306178604622,596.7198551056779,12.586323498962948,0.9793431874796212,0.5555555555555556,1.8385293287792592e-13,827479
28,1000000.0,30.0,5.0,10.0,100.0,5616.120428026294,56.161204280262936,5422.836132875058,93.28429515148923,0.9830887856114822,0.3333333333333333,7.185363415374013e-13,4127517
29,1000000.0,30.0,5.0,30.0,100.0,3898.547020658731,38.98547020658731,3750.360684571492,48.18633608716847,0.9873145347878615,0.3333333333333333,5.213607323639735e-13,2991002
30,1000000.0,30.0,5.0,50.0,100.0,2364.3196437933425,23.643196437933426,2233.602650462388,30.71699333106529,0.986434338713992,0.3333333333333333,5.613287612504791e-13,2495129
31,1000000.0,30.0,5.0,100.0,100.0,1318.0910233612847,13.180910233612847,1197.8112999744778,20.279723386815622,0.9833512249923281,0.3333333333333333,1.6253665080512292e-13,2133259
32,1000000.0,30.0,8.0,10.0,100.0,7841.856797917143,78.41856797917143,7600.157540322511,141.69925759494356,0.9816969932028767,0.20833333333333331,3.5065284009760944e-12,10202022
33,1000000.0,30.0,8.0,30.0,100.0,6054.472600139622,60.54472600139622,5876.52967786191,77.94292227783362,0.9869101887754284,0.20833333333333331,1.709743457922741e-12,7456925
34,1000000.0,30.0,8.0,50.0,100.0,4117.69889590889,41.1769889590889,3964.6863265322836,53.01256937593832,0.9868052408231518,0.20833333333333331,6.901146321069973e-13,6315286
35,1000000.0,30.0,8.0,100.0,100.0,2549.2913921615987,25.492913921615987,2413.3521704968725,35.939221664515664,0.9853266860040657,0.20833333333333331,6.190603585309873e-13,5385603
36,10000000.0,10.0,3.0,10.0,1000.0,3151.064787481934,3.151064787481934,2079.8344873288647,71.23030015311711,0.966886027530369,0.5555555555555555,1.865174681370263e-14,135505
37,10000000.0,10.0,3.0,30.0,1000.0,2741.608981292961,2.741608981292961,1674.3009822027802,67.30799909018869,0.9613529788757683,0.5555555555555555,2.1316282072803006e-14,133605
38,10000000.0,10.0,3.0,50.0,1000.0,2331.029677645122,2.331029677645122,1268.9146146754763,62.115062969637904,0.9533330743762675,0.5555555555555555,2.1316282072803006e-14,130727
39,10000000.0,10.0,3.0,100.0,1000.0,1873.7724300451255,1.8737724300451255,817.8609381550057,55.9114918901507,0.9360113801173238,0.5555555555555555,5.417888360170764e-14,127601
40,10000000.0,10.0,5.0,10.0,1000.0,7827.844578696971,7.827844578696971,6700.527236133829,127.31734256336901,0.9813532160705042,0.33333333333333326,1.021405182655144e-13,366717
41,10000000.0,10.0,5.0,30.0,1000.0,4467.951325428135,4.4679513254281344,3379.4338326795237,88.51749274872462,0.9744755665687773,0.33333333333333326,4.085620730620576e-14,322278
42,10000000.0,10.0,5.0,50.0,1000.0,3212.156686231627,3.2121566862316273,2138.1405358713287,74.01615036025407,0.966541180911383,0.33333333333333326,7.283063041541027e-14,304394
43,10000000.0,10.0,5.0,100.0,1000.0,2320.5258754315146,2.320525875431515,1257.522258100505,63.00361733104463,0.952288994480762,0.33333333333333326,3.907985046680551e-14,291303
44,10000000.0,10.0,8.0,10.0,1000.0,16323.642665690659,16.32364266569066,15088.842993719933,234.799671970969,0.9846772939637624,0.20833333333333331,1.3322676295501878e-13,952255
45,10000000.0,10.0,8.0,30.0,1000.0,7208.236088363104,7.208236088363104,6087.608547742421,120.62754062059828,0.9805697562232225,0.20833333333333331,1.1457501614131615e-13,740061
46,10000000.0,10.0,8.0,50.0,1000.0,4642.012587531463,4.642012587531464,3549.056630319814,92.95595721178667,0.9744767611375406,0.20833333333333331,6.039613253960852e-14,677696
47,10000000.0,10.0,8.0,100.0,1000.0,3172.1577083071784,3.1721577083071786,2095.87021217833,76.28749612889604,0.9648793935002531,0.20833333333333331,2.1671553440683056e-13,638868
48,10000000.0,20.0,3.0,10.0,1000.0,14005.593844884192,14.005593844884192,12804.485957592466,201.10788729093372,0.9845368162584262,0.5555555555555556,1.127986593019159e-13,541490
49,10000000.0,20.0,3.0,30.0,1000.0,6098.856948664597,6.098856948664597,4989.513732873548,109.34321579106448,0.9785553474255271,0.5555555555555556,9.14823772291129e-14,431457
50,10000000.0,20.0,3.0,50.0,1000.0,4144.748598914211,4.1447485989142105,3056.9847657101936,87.76383320391106,0.9720919398026541,0.5555555555555556,1.8385293287792592e-13,400850
51,10000000.0,20.0,3.0,100.0,1000.0,3036.998607521628,3.0369986075216278,1961.9454310009678,75.05317652057431,0.9631550182491407,0.5555555555555556,8.526512829121202e-14,382988
52,10000000.0,20.0,5.0,10.0,1000.0,27771.40477677658,27.77140477677658,26399.91982187053,371.48495490614266,0.986123815391701,0.3333333333333333,1.4450662888521038e-12,1500948
53,10000000.0,20.0,5.0,30.0,1000.0,10315.925885079001,10.315925885079,9158.000798328665,157.92508675016788,0.9830478377889117,0.3333333333333333,3.526068326209497e-13,1073981
54,10000000.0,20.0,5.0,50.0,1000.0,6666.160580218256,6.666160580218255,5545.545493956052,120.61508626207912,0.9787130836561011,0.3333333333333333,8.881784197001252e-14,977200
55,10000000.0,20.0,5.0,100.0,1000.0,4711.657608985782,4.711657608985782,3611.3402915230995,100.31731746279841,0.9729723675966722,0.3333333333333333,1.3500311979441904e-13,920880
56,10000000.0,20.0,8.0,10.0,1000.0,45693.39444894689,45.69339444894689,44073.115533686505,620.2789152568866,0.9861214632965744,0.20833333333333331,3.5349501104064984e-13,3785753
57,10000000.0,20.0,8.0,30.0,1000.0,17858.503978586286,17.858503978586285,16609.677982537527,248.82599604872024,0.9852403275898728,0.20833333333333331,4.440892098500626e-13,2595291
58,10000000.0,20.0,8.0,50.0,1000.0,11789.404580241691,11.78940458024169,10602.163827907836,187.2407523339163,0.9826458679029663,0.20833333333333331,2.469136006766348e-13,2335418
59,10000000.0,20.0,8.0,100.0,1000.0,8202.95964907667,8.202959649076671,7051.995770211974,150.9638788650373,0.9790414098898849,0.20833333333333331,3.6148861681795097e-13,2162307
60,10000000.0,30.0,3.0,10.0,1000.0,28796.152698501664,28.796152698501665,27424.82642830738,371.32627019457107,0.9866410911530825,0.5555555555555555,6.368239269249898e-13,1248666
61,10000000.0,30.0,3.0,30.0,1000.0,10067.290585780489,10.067290585780489,8911.791939697318,155.49864608322753,0.9828505941645868,0.5555555555555555,1.0302869668521453e-13,891106
62,10000000.0,30.0,3.0,50.0,1000.0,6766.804351869676,6.766804351869676,5644.207082455335,122.59726941420917,0.9787408654891173,0.5555555555555555,8.704148513061227e-14,820189
63,10000000.0,30.0,3.0,100.0,1000.0,5021.685595154736,5.021685595154736,3916.420769653655,105.26482550115271,0.9738256949703123,0.5555555555555555,7.016609515630989e-14,780716
64,10000000.0,30.0,5.0,10.0,1000.0,49540.3469302569,49.5403469302569,47897.9841779084,642.3627523510899,0.986766416126538,0.3333333333333333,8.419931418757187e-13,3391286
65,10000000.0,30.0,5.0,30.0,1000.0,18539.74947000574,18.539749470005738,17284.224598209435,255.52487179675649,0.9854316692360247,0.3333333333333333,7.593925488436071e-13,2325138
66,10000000.0,30.0,5.0,50.0,1000.0,12560.022333975838,12.560022333975837,11363.286050943823,196.7362830316146,0.9829813232753201,0.3333333333333333,2.282618538629322e-13,2109679
67,10000000.0,30.0,5.0,100.0,1000.0,8999.590199839615,8.999590199839615,7837.687632721173,161.9025671179181,0.9797611423743071,0.3333333333333333,3.82804898890754e-13,1964959
68,10000000.0,30.0,8.0,10.0,1000.0,73092.15114727442,73.09215114727442,71090.70021509445,1001.4509321642203,0.9861087383821556,0.20833333333333331,3.3857361358968774e-12,8376553
69,10000000.0,30.0,8.0,30.0,1000.0,33975.05953450768,33.97505953450768,32525.46533871247,449.5941957989262,0.9863656289892451,0.20833333333333331,9.903189379656396e-13,5898376
70,10000000.0,30.0,8.0,50.0,1000.0,24419.08934443688,24.41908934443688,23070.85765446984,348.23168996691015,0.9851304342006892,0.20833333333333331,7.647216193618078e-13,5317685
71,10000000.0,30.0,8.0,100.0,1000.0,17736.04535669215,17.73604535669215,16456.577645139245,279.46771155379935,0.9833014487235985,0.20833333333333331,6.430411758628907e-13,4867592
72,100000000.0,10.0,3.0,10.0,10000.0,29658.898274136427,2.9658898274136427,18959.797937158106,699.100336978468,0.9644384783302903,0.5555555555555555,2.398081733190338e-14,135068
73,100000000.0,10.0,3.0,30.0,10000.0,21375.786978105974,2.1375786978105973,10780.33639623258,595.4505818734533,0.9476563174908771,0.5555555555555555,2.1316282072803006e-14,129362
74,100000000.0,10.0,3.0,50.0,10000.0,18381.354195153566,1.8381354195153565,7827.2740340682585,554.0801610854065,0.9338913320945559,0.5555555555555555,5.950795411990839e-14,127382
75,100000000.0,10.0,3.0,100.0,10000.0,16215.891046121851,1.621589104612185,5693.015468228207,522.8755778933802,0.915880832850204,0.5555555555555555,7.37188088351104e-14,126299
76,100000000.0,10.0,5.0,10.0,10000.0,55345.874703141584,5.534587470314158,44340.820456019246,1005.0542471227712,0.9778358173990035,0.33333333333333337,1.412203687323199e-13,336814
77,100000000.0,10.0,5.0,30.0,10000.0,27889.93165000691,2.788993165000691,17201.006869960067,688.9247800471582,0.9614909216242546,0.33333333333333337,5.417888360170764e-14,298140
78,100000000.0,10.0,5.0,50.0,10000.0,22649.22922082107,2.264922922082107,12026.333197224187,622.8960235965295,0.9507562071393587,0.33333333333333337,4.085620730620576e-14,290531
79,100000000.0,10.0,5.0,100.0,10000.0,19569.889793509472,1.9569889793509472,8986.37525075035,583.5145427587265,0.93902599138029,0.33333333333333337,1.9539925233402755e-14,286947
80,100000000.0,10.0,8.0,10.0,10000.0,98711.56800410459,9.871156800410459,87218.13042237432,1493.437581733286,0.9831652442254074,0.20833333333333331,2.2026824808563106e-13,799807
81,100000000.0,10.0,8.0,30.0,10000.0,39125.96236897703,3.912596236897703,28278.115929707034,847.8464392688052,0.9708903545047128,0.20833333333333331,1.0658141036401503e-13,658557
82,100000000.0,10.0,8.0,50.0,10000.0,30877.78885628078,3.0877788856280777,20124.662262738362,753.1265935423781,0.9639268986420538,0.20833333333333331,1.3589129821411916e-13,636679
83,100000000.0,10.0,8.0,100.0,10000.0,26139.28322954939,2.613928322954939,15440.06184619426,699.2213833552522,0.956675809364636,0.20833333333333331,8.704148513061227e-14,625137
84,100000000.0,20.0,3.0,10.0,10000.0,81666.86066224924,8.166686066224925,70349.634039968,1317.226622281524,0.9816201433952989,0.5555555555555555,5.861977570020827e-14,461480
85,100000000.0,20.0,3.0,30.0,10000.0,35917.484021054275,3.5917484021054276,25103.004187571194,814.479833481264,0.9685741164990617,0.5555555555555555,9.85878045867139e-14,391797
86,100000000.0,20.0,3.0,50.0,10000.0,29750.330756633193,2.9750330756633194,19006.858546753854,743.4722098787115,0.9623564678971444,0.5555555555555555,8.08242361927114e-14,382062
87,100000000.0,20.0,3.0,100.0,10000.0,26430.199758077986,2.643019975807799,15722.562129162941,707.6376289147177,0.9569306740432579,0.5555555555555555,7.549516567451064e-14,377720
88,100000000.0,20.0,5.0,10.0,10000.0,146141.53516205927,14.614153516205928,134118.2356384586,2023.299523598298,0.9851382642248584,0.3333333333333333,4.760636329592671e-13,1177365
89,100000000.0,20.0,5.0,30.0,10000.0,56942.45836758794,5.694245836758794,45837.1646162599,1105.293751331298,0.97645428488911,0.3333333333333333,1.6076029396572267e-13,949490
90,100000000.0,20.0,5.0,50.0,10000.0,45976.94421820547,4.597694421820547,34985.53798472791,991.4062334787601,0.972443289583892,0.3333333333333333,4.796163466380676e-14,917540
91,100000000.0,20.0,5.0,100.0,10000.0,39289.358159445685,3.9289358159445684,28366.453725862422,922.9044335812958,0.9684901106893792,0.3333333333333333,1.7408297026122455e-13,896823
92,100000000.0,20.0,8.0,10.0,10000.0,247406.710411384,24.740671041138402,234188.77829173655,3217.932119634171,0.9864454879389409,0.2083333333333333,2.611244553918368e-13,2867067
93,100000000.0,20.0,8.0,30.0,10000.0,100606.89423768848,10.060689423768848,88908.7550973236,1698.1391403635844,0.9812581685460915,0.2083333333333333,3.170796958329447e-13,2254785
94,100000000.0,20.0,8.0,50.0,10000.0,79765.1251041086,7.976512510410861,68278.65871205718,1486.466392052244,0.9786932741848708,0.2083333333333333,4.849454171562684e-13,2150374
95,100000000.0,20.0,8.0,100.0,10000.0,65844.24191129385,6.5844241911293855,54502.490947551785,1341.7509637474104,0.9759733337257335,0.2083333333333333,2.5224267119483557e-13,2070515
96,100000000.0,30.0,3.0,10.0,10000.0,141276.02990762805,14.127602990762805,129313.48625938596,1962.5436482427122,0.9850502513701623,0.5555555555555555,2.3447910280083306e-13,970805
97,100000000.0,30.0,3.0,30.0,10000.0,58990.27210411253,5.899027210411253,47851.10366347094,1139.1684406375448,0.9767470481033322,0.5555555555555555,1.2878587085651816e-13,800619
98,100000000.0,30.0,3.0,50.0,10000.0,49197.916427302036,4.919791642730203,38155.118369682285,1042.7980576194282,0.973396594700288,0.5555555555555555,6.572520305780927e-14,778397
99,100000000.0,30.0,3.0,100.0,10000.0,43206.66992694551,4.320666992694552,32220.73860613233,985.9313208130477,0.9703092383854742,0.5555555555555555,5.1514348342607263e-14,763517
100,100000000.0,30.0,5.0,10.0,10000.0,254664.96331052936,25.466496331052937,241403.49037975707,3261.472930748461,0.9866696363605082,0.3333333333333333,5.222489107836736e-13,2554129
101,100000000.0,30.0,5.0,30.0,10000.0,108517.00292920282,10.851700292920283,96716.34464227055,1800.6582869367398,0.9817223602688535,0.3333333333333333,1.7319479184152442e-13,2042676
102,100000000.0,30.0,5.0,50.0,10000.0,87721.54545122475,8.772154545122476,76125.00244080258,1596.5430104210095,0.9794581669580399,0.3333333333333333,1.6342482922482304e-13,1954792
103,100000000.0,30.0,5.0,100.0,10000.0,73641.20723243657,7.364120723243658,62186.09374155498,1455.1134908825575,0.9771356711451578,0.3333333333333333,3.2596148002994596e-13,1885629
104,100000000.0,30.0,8.0,10.0,10000.0,436181.75114730565,43.61817511473056,420596.59009129653,5585.16105599464,0.986894884539346,0.20833333333333331,1.1395329124752607e-12,6455253
105,100000000.0,30.0,8.0,30.0,10000.0,213336.24222469432,21.33362422246943,200172.36970084076,3163.872523829303,0.9844401937931097,0.20833333333333331,6.661338147750939e-13,5116834
106,100000000.0,30.0,8.0,50.0,10000.0,172755.9838619314,17.27559838619314,160008.61975561694,2747.3641063083664,0.9831197351942212,0.20833333333333331,6.741274205523951e-13,4834017
107,100000000.0,30.0,8.0,100.0,10000.0,143464.38512634663,14.346438512634663,131020.3021091561,2444.083017200368,0.9816873766370197,0.20833333333333331,1.2505552149377763e-12,4606516
108,1000000000.0,10.0,3.0,10.0,100000.0,239057.33808132994,2.3905733808132994,132768.21949621517,6289.118585113975,0.9547731987977759,0.5555555555555556,1.509903313490213e-14,131151
109,1000000000.0,10.0,3.0,30.0,100000.0,173518.9060776211,1.735189060776211,68125.30220182122,5393.603875798045,0.9266365053078276,0.5555555555555556,5.1514348342607263e-14,126792
110,1000000000.0,10.0,3.0,50.0,100000.0,160848.4483154765,1.608484483154765,55638.71620665506,5209.7321088226045,0.9143818412293617,0.5555555555555556,8.260059303211165e-14,126258
111,1000000000.0,10.0,3.0,100.0,100000.0,154303.04830365954,1.5430304830365953,49185.01045581893,5118.037847839813,0.9057504503389784,0.5555555555555556,6.483702463810914e-14,126257
112,1000000000.0,10.0,5.0,10.0,100000.0,335973.89497496205,3.3597389497496204,228397.22443976466,7576.670535195592,0.9678919122134195,0.3333333333333333,6.039613253960852e-14,306553
113,1000000000.0,10.0,5.0,30.0,100000.0,211286.27134115028,2.1128627134115026,105253.29678460285,6032.974556544727,0.9457886899808762,0.3333333333333333,5.5067062021407764e-14,288545
114,1000000000.0,10.0,5.0,50.0,100000.0,193938.69414957616,1.9393869414957616,88125.06596202354,5813.628187550646,0.9381125292385295,0.3333333333333333,8.615330671091215e-14,286809
115,1000000000.0,10.0,5.0,100.0,100000.0,184417.98436677264,1.8441798436677264,78712.02328448823,5705.9610822806935,0.9324082288260568,0.3333333333333333,5.684341886080802e-14,286202
116,1000000000.0,10.0,8.0,10.0,100000.0,491162.0004392943,4.911620004392943,381569.2290761365,9592.77136313203,0.9754762186705644,0.20833333333333331,7.194245199571014e-14,684598
117,1000000000.0,10.0,8.0,30.0,100000.0,285795.137812778,2.85795137812778,178528.12061586507,7267.017196904025,0.9608869355653658,0.20833333333333331,9.85878045867139e-14,630899
118,1000000000.0,10.0,8.0,50.0,100000.0,258452.0433888322,2.5845204338883216,151492.2908670055,6959.752521830163,0.9560765997523437,0.20833333333333331,1.652011860642233e-13,624444
119,1000000000.0,10.0,8.0,100.0,100000.0,240458.6243404313,2.404586243404313,133696.35399524815,6762.270345189848,0.9518557840293712,0.20833333333333331,1.7319479184152442e-13,619414
120,1000000000.0,20.0,3.0,10.0,100000.0,434956.85784956475,4.3495685784956475,325949.30303225154,9007.554817304908,0.9731083134850798,0.5555555555555555,1.021405182655144e-13,404181
121,1000000000.0,20.0,3.0,30.0,100000.0,280939.8578758479,2.8093985787584788,173690.03436740863,7249.823508437818,0.9599324129379291,0.5555555555555555,7.460698725481052e-14,379763
122,1000000000.0,20.0,3.0,50.0,100000.0,262399.6978404153,2.623996978404153,155341.7643354551,7057.93350496186,0.9565397374575427,0.5555555555555555,7.283063041541027e-14,377483
123,1000000000.0,20.0,3.0,100.0,100000.0,251348.24214884554,2.5134824214884555,144391.83763164488,6956.404517204795,0.9540370973693947,0.5555555555555555,8.43769498715119e-14,375408
124,1000000000.0,20.0,5.0,10.0,100000.0,703095.476702053,7.03095476702053,590657.5240949935,12437.95260703856,0.9793764783727532,0.3333333333333333,1.412203687323199e-13,987383
125,1000000000.0,20.0,5.0,30.0,100000.0,428155.3369772239,4.281553369772239,318565.98969036154,9589.34728688539,0.9707780242881501,0.3333333333333333,1.6786572132332367e-13,908117
126,1000000000.0,20.0,5.0,50.0,100000.0,388436.3584665513,3.884363584665513,279253.1131818816,9183.24528465835,0.9681619705175462,0.3333333333333333,6.394884621840902e-14,895238
127,1000000000.0,20.0,5.0,100.0,100000.0,359866.54741783446,3.5986654741783446,250984.5485246983,8881.998893127828,0.9658209223873092,0.3333333333333333,9.14823772291129e-14,882862
128,1000000000.0,20.0,8.0,10.0,100000.0,1241969.5200404606,12.419695200404606,1122610.4469360549,19359.073104510775,0.9830476446484142,0.2083333333333333,1.5720758028692217e-13,2363895
129,1000000000.0,20.0,8.0,30.0,100000.0,733149.6717996724,7.331496717996724,618949.4562171758,14200.21558250967,0.9775721030666671,0.2083333333333333,1.545430450278218e-13,2115074
130,1000000000.0,20.0,8.0,50.0,100000.0,648845.944987472,6.48845944987472,535530.6529634853,13315.292024002454,0.9757394727143505,0.2083333333333333,4.2721381987576024e-13,2064339
131,1000000000.0,20.0,8.0,100.0,100000.0,586276.4388623085,5.862764388623085,473643.31267156935,12633.126190769988,0.9740206903293617,0.2083333333333333,3.419486915845482e-13,2019900
132,1000000000.0,30.0,3.0,10.0,100000.0,709306.1786046305,7.093061786046305,596719.8551056857,12586.323498963051,0.9793431874796202,0.5555555555555555,1.8385293287792592e-13,827479
133,1000000000.0,30.0,3.0,30.0,100000.0,463681.1232290127,4.636811232290127,353523.56340074795,10157.55982825036,0.972070148326427,0.5555555555555555,8.260059303211165e-14,771787
134,1000000000.0,30.0,3.0,50.0,100000.0,428066.0880442406,4.280660880442406,318244.6870529946,9821.40099126211,0.9700627362925681,0.5555555555555555,6.927791673660977e-14,762307
135,1000000000.0,30.0,3.0,100.0,100000.0,401984.89430829306,4.0198489430829305,292419.7914195114,9565.10288875434,0.9683258895757325,0.5555555555555555,1.1812772982011666e-13,752259
136,1000000000.0,30.0,5.0,10.0,100000.0,1318091.0233612214,13.180910233612215,1197811.2999744185,20279.72338681493,0.9833512249923304,0.3333333333333333,1.5987211554602254e-13,2133259
137,1000000000.0,30.0,5.0,30.0,100000.0,812250.0307812234,8.122500307812235,696931.0390170505,15318.991764142134,0.978492114984719,0.3333333333333333,2.8332891588433995e-13,1924520
138,1000000000.0,30.0,5.0,50.0,100000.0,726608.274553963,7.26608274553963,612158.1778707011,14450.096683223595,0.9769391862985725,0.3333333333333333,3.8813396940895473e-13,1880166
139,1000000000.0,30.0,5.0,100.0,100000.0,662732.8975000997,6.627328975000998,548956.9887890134,13775.908711099068,0.9755196314765231,0.3333333333333333,2.5579538487363607e-13,1840740
140,1000000000.0,30.0,8.0,10.0,100000.0,2549291.392161644,25.49291392161644,2413352.1704969127,35939.22166451514,0.9853266860040638,0.2083333333333333,6.181721801112872e-13,5385603
141,1000000000.0,30.0,8.0,30.0,100000.0,1593887.2710085474,15.938872710085475,1467791.1082227528,26096.162785573306,0.982531370812085,0.2083333333333333,5.986322548778844e-13,4733592
142,1000000000.0,30.0,8.0,50.0,100000.0,1413932.651410349,14.13932651410349,1289708.8443823138,24223.807027998682,0.9815638898979838,0.2083333333333333,1.0045297926808416e-12,4589228
143,1000000000.0,30.0,8.0,100.0,100000.0,1280137.6158497932,12.801376158497932,1157329.333646188,22808.28220358197,0.9806732012459569,0.2083333333333333,9.903189379656396e-13,4471954
